[{"name":"adapt_container_height_to_child_max_height","qualifiedName":"adapt_container_height_to_child_max_height","href":"widgets_adapt_container_height_to_child_max_height/widgets_adapt_container_height_to_child_max_height-library.html","kind":9,"overriddenDepth":0,"packageRank":0,"desc":""},{"name":"MeasureSize","qualifiedName":"adapt_container_height_to_child_max_height.MeasureSize","href":"widgets_adapt_container_height_to_child_max_height/MeasureSize-class.html","kind":3,"overriddenDepth":0,"packageRank":0,"desc":"Use this widget if you want to dynamically constrain parent this container to its child height","enclosedBy":{"name":"adapt_container_height_to_child_max_height","kind":9,"href":"widgets_adapt_container_height_to_child_max_height/widgets_adapt_container_height_to_child_max_height-library.html"}},{"name":"MeasureSize","qualifiedName":"adapt_container_height_to_child_max_height.MeasureSize.MeasureSize","href":"widgets_adapt_container_height_to_child_max_height/MeasureSize/MeasureSize.html","kind":2,"overriddenDepth":0,"packageRank":0,"desc":"Pass in the required child","enclosedBy":{"name":"MeasureSize","kind":3,"href":"widgets_adapt_container_height_to_child_max_height/MeasureSize-class.html"}},{"name":"child","qualifiedName":"adapt_container_height_to_child_max_height.MeasureSize.child","href":"widgets_adapt_container_height_to_child_max_height/MeasureSize/child.html","kind":16,"overriddenDepth":0,"packageRank":0,"desc":"Widget to use as child","enclosedBy":{"name":"MeasureSize","kind":3,"href":"widgets_adapt_container_height_to_child_max_height/MeasureSize-class.html"}},{"name":"createState","qualifiedName":"adapt_container_height_to_child_max_height.MeasureSize.createState","href":"widgets_adapt_container_height_to_child_max_height/MeasureSize/createState.html","kind":10,"overriddenDepth":1,"packageRank":0,"desc":"Creates the mutable state for this widget at a given location in the tree.","enclosedBy":{"name":"MeasureSize","kind":3,"href":"widgets_adapt_container_height_to_child_max_height/MeasureSize-class.html"}},{"name":"chat_avatar","qualifiedName":"chat_avatar","href":"widgets_chat_avatar/widgets_chat_avatar-library.html","kind":9,"overriddenDepth":0,"packageRank":0,"desc":""},{"name":"ChatAvatar","qualifiedName":"chat_avatar.ChatAvatar","href":"widgets_chat_avatar/ChatAvatar-class.html","kind":3,"overriddenDepth":0,"packageRank":0,"desc":"Chat Avatar. This could be profile photo","enclosedBy":{"name":"chat_avatar","kind":9,"href":"widgets_chat_avatar/widgets_chat_avatar-library.html"}},{"name":"ChatAvatar","qualifiedName":"chat_avatar.ChatAvatar.ChatAvatar","href":"widgets_chat_avatar/ChatAvatar/ChatAvatar.html","kind":2,"overriddenDepth":0,"packageRank":0,"desc":"Calling the constructor","enclosedBy":{"name":"ChatAvatar","kind":3,"href":"widgets_chat_avatar/ChatAvatar-class.html"}},{"name":"author","qualifiedName":"chat_avatar.ChatAvatar.author","href":"widgets_chat_avatar/ChatAvatar/author.html","kind":16,"overriddenDepth":0,"packageRank":0,"desc":"Author is the sender of the message.","enclosedBy":{"name":"ChatAvatar","kind":3,"href":"widgets_chat_avatar/ChatAvatar-class.html"}},{"name":"avatarText","qualifiedName":"chat_avatar.ChatAvatar.avatarText","href":"widgets_chat_avatar/ChatAvatar/avatarText.html","kind":16,"overriddenDepth":0,"packageRank":0,"desc":"Compute the user avatar","enclosedBy":{"name":"ChatAvatar","kind":3,"href":"widgets_chat_avatar/ChatAvatar-class.html"}},{"name":"build","qualifiedName":"chat_avatar.ChatAvatar.build","href":"widgets_chat_avatar/ChatAvatar/build.html","kind":10,"overriddenDepth":1,"packageRank":0,"desc":"Describes the part of the user interface represented by this widget.","enclosedBy":{"name":"ChatAvatar","kind":3,"href":"widgets_chat_avatar/ChatAvatar-class.html"}},{"name":"chatUser","qualifiedName":"chat_avatar.ChatAvatar.chatUser","href":"widgets_chat_avatar/ChatAvatar/chatUser.html","kind":16,"overriddenDepth":0,"packageRank":0,"desc":"ChatUser should at least have a userID and unique","enclosedBy":{"name":"ChatAvatar","kind":3,"href":"widgets_chat_avatar/ChatAvatar-class.html"}},{"name":"hasName","qualifiedName":"chat_avatar.ChatAvatar.hasName","href":"widgets_chat_avatar/ChatAvatar/hasName.html","kind":16,"overriddenDepth":0,"packageRank":0,"desc":"Check if the user has name","enclosedBy":{"name":"ChatAvatar","kind":3,"href":"widgets_chat_avatar/ChatAvatar-class.html"}},{"name":"hasPhoto","qualifiedName":"chat_avatar.ChatAvatar.hasPhoto","href":"widgets_chat_avatar/ChatAvatar/hasPhoto.html","kind":16,"overriddenDepth":0,"packageRank":0,"desc":"check if the ChatUser has photoUrl","enclosedBy":{"name":"ChatAvatar","kind":3,"href":"widgets_chat_avatar/ChatAvatar-class.html"}},{"name":"isValidUrl","qualifiedName":"chat_avatar.ChatAvatar.isValidUrl","href":"widgets_chat_avatar/ChatAvatar/isValidUrl.html","kind":16,"overriddenDepth":0,"packageRank":0,"desc":"check validity of the url","enclosedBy":{"name":"ChatAvatar","kind":3,"href":"widgets_chat_avatar/ChatAvatar-class.html"}},{"name":"showUserAvatarInChat","qualifiedName":"chat_avatar.ChatAvatar.showUserAvatarInChat","href":"widgets_chat_avatar/ChatAvatar/showUserAvatarInChat.html","kind":16,"overriddenDepth":0,"packageRank":0,"desc":"If set to true, all peers would have their avatar displayed.","enclosedBy":{"name":"ChatAvatar","kind":3,"href":"widgets_chat_avatar/ChatAvatar-class.html"}},{"name":"chat_bubble","qualifiedName":"chat_bubble","href":"widgets_chat_bubble/widgets_chat_bubble-library.html","kind":9,"overriddenDepth":0,"packageRank":0,"desc":""},{"name":"ChatBubble","qualifiedName":"chat_bubble.ChatBubble","href":"widgets_chat_bubble/ChatBubble-class.html","kind":3,"overriddenDepth":0,"packageRank":0,"desc":"Chat Bubble Class","enclosedBy":{"name":"chat_bubble","kind":9,"href":"widgets_chat_bubble/widgets_chat_bubble-library.html"}},{"name":"ChatBubble","qualifiedName":"chat_bubble.ChatBubble.ChatBubble","href":"widgets_chat_bubble/ChatBubble/ChatBubble.html","kind":2,"overriddenDepth":0,"packageRank":0,"desc":"Chat Bubble.","enclosedBy":{"name":"ChatBubble","kind":3,"href":"widgets_chat_bubble/ChatBubble-class.html"}},{"name":"chatUser","qualifiedName":"chat_bubble.ChatBubble.chatUser","href":"widgets_chat_bubble/ChatBubble/chatUser.html","kind":16,"overriddenDepth":0,"packageRank":0,"desc":"current ChatUser","enclosedBy":{"name":"ChatBubble","kind":3,"href":"widgets_chat_bubble/ChatBubble-class.html"}},{"name":"createState","qualifiedName":"chat_bubble.ChatBubble.createState","href":"widgets_chat_bubble/ChatBubble/createState.html","kind":10,"overriddenDepth":1,"packageRank":0,"desc":"Creates the mutable state for this widget at a given location in the tree.","enclosedBy":{"name":"ChatBubble","kind":3,"href":"widgets_chat_bubble/ChatBubble-class.html"}},{"name":"currentMessageIndex","qualifiedName":"chat_bubble.ChatBubble.currentMessageIndex","href":"widgets_chat_bubble/ChatBubble/currentMessageIndex.html","kind":16,"overriddenDepth":0,"packageRank":0,"desc":"Index of the current message","enclosedBy":{"name":"ChatBubble","kind":3,"href":"widgets_chat_bubble/ChatBubble-class.html"}},{"name":"customWidgetBuilder","qualifiedName":"chat_bubble.ChatBubble.customWidgetBuilder","href":"widgets_chat_bubble/ChatBubble/customWidgetBuilder.html","kind":16,"overriddenDepth":0,"packageRank":0,"desc":"Custom widget to be used for displaying Custom messages","enclosedBy":{"name":"ChatBubble","kind":3,"href":"widgets_chat_bubble/ChatBubble-class.html"}},{"name":"imageMessages","qualifiedName":"chat_bubble.ChatBubble.imageMessages","href":"widgets_chat_bubble/ChatBubble/imageMessages.html","kind":16,"overriddenDepth":0,"packageRank":0,"desc":"List of image messages","enclosedBy":{"name":"ChatBubble","kind":3,"href":"widgets_chat_bubble/ChatBubble-class.html"}},{"name":"message","qualifiedName":"chat_bubble.ChatBubble.message","href":"widgets_chat_bubble/ChatBubble/message.html","kind":16,"overriddenDepth":0,"packageRank":0,"desc":"Current message","enclosedBy":{"name":"ChatBubble","kind":3,"href":"widgets_chat_bubble/ChatBubble-class.html"}},{"name":"pdfWidgetBuilder","qualifiedName":"chat_bubble.ChatBubble.pdfWidgetBuilder","href":"widgets_chat_bubble/ChatBubble/pdfWidgetBuilder.html","kind":16,"overriddenDepth":0,"packageRank":0,"desc":"PDF widget to be used for displaying PDF messages","enclosedBy":{"name":"ChatBubble","kind":3,"href":"widgets_chat_bubble/ChatBubble-class.html"}},{"name":"previousMessageCreatedAt","qualifiedName":"chat_bubble.ChatBubble.previousMessageCreatedAt","href":"widgets_chat_bubble/ChatBubble/previousMessageCreatedAt.html","kind":16,"overriddenDepth":0,"packageRank":0,"desc":"timestamp of previous message","enclosedBy":{"name":"ChatBubble","kind":3,"href":"widgets_chat_bubble/ChatBubble-class.html"}},{"name":"selectedMessages","qualifiedName":"chat_bubble.ChatBubble.selectedMessages","href":"widgets_chat_bubble/ChatBubble/selectedMessages.html","kind":16,"overriddenDepth":0,"packageRank":0,"desc":"List of selected messages","enclosedBy":{"name":"ChatBubble","kind":3,"href":"widgets_chat_bubble/ChatBubble-class.html"}},{"name":"setReplyMessage","qualifiedName":"chat_bubble.ChatBubble.setReplyMessage","href":"widgets_chat_bubble/ChatBubble/setReplyMessage.html","kind":16,"overriddenDepth":0,"packageRank":0,"desc":"Set Replying Message","enclosedBy":{"name":"ChatBubble","kind":3,"href":"widgets_chat_bubble/ChatBubble-class.html"}},{"name":"setSelectedMessages","qualifiedName":"chat_bubble.ChatBubble.setSelectedMessages","href":"widgets_chat_bubble/ChatBubble/setSelectedMessages.html","kind":16,"overriddenDepth":0,"packageRank":0,"desc":"Callback to set selected messages","enclosedBy":{"name":"ChatBubble","kind":3,"href":"widgets_chat_bubble/ChatBubble-class.html"}},{"name":"showUserAvatarInChat","qualifiedName":"chat_bubble.ChatBubble.showUserAvatarInChat","href":"widgets_chat_bubble/ChatBubble/showUserAvatarInChat.html","kind":16,"overriddenDepth":0,"packageRank":0,"desc":"Set to true for all peers in group chat to have their avatar shown","enclosedBy":{"name":"ChatBubble","kind":3,"href":"widgets_chat_bubble/ChatBubble-class.html"}},{"name":"videoWidgetBuilder","qualifiedName":"chat_bubble.ChatBubble.videoWidgetBuilder","href":"widgets_chat_bubble/ChatBubble/videoWidgetBuilder.html","kind":16,"overriddenDepth":0,"packageRank":0,"desc":"Video widget to be used for displaying video messages","enclosedBy":{"name":"ChatBubble","kind":3,"href":"widgets_chat_bubble/ChatBubble-class.html"}},{"name":"chatflow","qualifiedName":"chatflow","href":"chatflow/chatflow-library.html","kind":9,"overriddenDepth":0,"packageRank":0,"desc":""},{"name":"ChatFlow","qualifiedName":"chatflow.ChatFlow","href":"chatflow/ChatFlow-class.html","kind":3,"overriddenDepth":0,"packageRank":0,"desc":"Entry point to using the ChatFlow.","enclosedBy":{"name":"chatflow","kind":9,"href":"chatflow/chatflow-library.html"}},{"name":"ChatFlow","qualifiedName":"chatflow.ChatFlow.ChatFlow","href":"chatflow/ChatFlow/ChatFlow.html","kind":2,"overriddenDepth":0,"packageRank":0,"desc":"ChatFlow used to add chat features to the app","enclosedBy":{"name":"ChatFlow","kind":3,"href":"chatflow/ChatFlow-class.html"}},{"name":"chatUser","qualifiedName":"chatflow.ChatFlow.chatUser","href":"chatflow/ChatFlow/chatUser.html","kind":16,"overriddenDepth":0,"packageRank":0,"desc":"The current user of the chat. Ensure the [userID] is unique.","enclosedBy":{"name":"ChatFlow","kind":3,"href":"chatflow/ChatFlow-class.html"}},{"name":"createState","qualifiedName":"chatflow.ChatFlow.createState","href":"chatflow/ChatFlow/createState.html","kind":10,"overriddenDepth":1,"packageRank":0,"desc":"Creates the mutable state for this widget at a given location in the tree.","enclosedBy":{"name":"ChatFlow","kind":3,"href":"chatflow/ChatFlow-class.html"}},{"name":"customWidgetBuilder","qualifiedName":"chatflow.ChatFlow.customWidgetBuilder","href":"chatflow/ChatFlow/customWidgetBuilder.html","kind":16,"overriddenDepth":0,"packageRank":0,"desc":"Widget for custom message","enclosedBy":{"name":"ChatFlow","kind":3,"href":"chatflow/ChatFlow-class.html"}},{"name":"hideDefaultInputWidget","qualifiedName":"chatflow.ChatFlow.hideDefaultInputWidget","href":"chatflow/ChatFlow/hideDefaultInputWidget.html","kind":16,"overriddenDepth":0,"packageRank":0,"desc":"Option for hiding ChatFlow default input widget.","enclosedBy":{"name":"ChatFlow","kind":3,"href":"chatflow/ChatFlow-class.html"}},{"name":"messages","qualifiedName":"chatflow.ChatFlow.messages","href":"chatflow/ChatFlow/messages.html","kind":16,"overriddenDepth":0,"packageRank":0,"desc":"The messages to be shown in the chat","enclosedBy":{"name":"ChatFlow","kind":3,"href":"chatflow/ChatFlow-class.html"}},{"name":"minImagesToGroup","qualifiedName":"chatflow.ChatFlow.minImagesToGroup","href":"chatflow/ChatFlow/minImagesToGroup.html","kind":16,"overriddenDepth":0,"packageRank":0,"desc":"Optional By the default, if consecutive images are upto 4 or more by the same author and on the same day, these images would be grouped.","enclosedBy":{"name":"ChatFlow","kind":3,"href":"chatflow/ChatFlow-class.html"}},{"name":"onAttachmentPressed","qualifiedName":"chatflow.ChatFlow.onAttachmentPressed","href":"chatflow/ChatFlow/onAttachmentPressed.html","kind":16,"overriddenDepth":0,"packageRank":0,"desc":"The callback for handling attachment button click.","enclosedBy":{"name":"ChatFlow","kind":3,"href":"chatflow/ChatFlow-class.html"}},{"name":"onImageMessageTapped","qualifiedName":"chatflow.ChatFlow.onImageMessageTapped","href":"chatflow/ChatFlow/onImageMessageTapped.html","kind":16,"overriddenDepth":0,"packageRank":0,"desc":"Callback for image message tapped","enclosedBy":{"name":"ChatFlow","kind":3,"href":"chatflow/ChatFlow-class.html"}},{"name":"onMessageDoubleTapped","qualifiedName":"chatflow.ChatFlow.onMessageDoubleTapped","href":"chatflow/ChatFlow/onMessageDoubleTapped.html","kind":16,"overriddenDepth":0,"packageRank":0,"desc":"The callback when the user presses down a message for long. By default, the message is selected.","enclosedBy":{"name":"ChatFlow","kind":3,"href":"chatflow/ChatFlow-class.html"}},{"name":"onMessageLongPressed","qualifiedName":"chatflow.ChatFlow.onMessageLongPressed","href":"chatflow/ChatFlow/onMessageLongPressed.html","kind":16,"overriddenDepth":0,"packageRank":0,"desc":"The callback when the user presses down a message for long.","enclosedBy":{"name":"ChatFlow","kind":3,"href":"chatflow/ChatFlow-class.html"}},{"name":"onMessageSelectionChanged","qualifiedName":"chatflow.ChatFlow.onMessageSelectionChanged","href":"chatflow/ChatFlow/onMessageSelectionChanged.html","kind":16,"overriddenDepth":0,"packageRank":0,"desc":"Callback to handle the user delete button click after selecting a message","enclosedBy":{"name":"ChatFlow","kind":3,"href":"chatflow/ChatFlow-class.html"}},{"name":"onMessageSwipedLeft","qualifiedName":"chatflow.ChatFlow.onMessageSwipedLeft","href":"chatflow/ChatFlow/onMessageSwipedLeft.html","kind":16,"overriddenDepth":0,"packageRank":0,"desc":"Callback for when a message is swiped left","enclosedBy":{"name":"ChatFlow","kind":3,"href":"chatflow/ChatFlow-class.html"}},{"name":"onMessageSwipedRight","qualifiedName":"chatflow.ChatFlow.onMessageSwipedRight","href":"chatflow/ChatFlow/onMessageSwipedRight.html","kind":16,"overriddenDepth":0,"packageRank":0,"desc":"Callback for when a message is swiped right","enclosedBy":{"name":"ChatFlow","kind":3,"href":"chatflow/ChatFlow-class.html"}},{"name":"onReplyToMessage","qualifiedName":"chatflow.ChatFlow.onReplyToMessage","href":"chatflow/ChatFlow/onReplyToMessage.html","kind":16,"overriddenDepth":0,"packageRank":0,"desc":"The callback to handle when a message is gestured to be replied to. By default, when a user swipes his/her message left or when a user swipes other person's message right we chain a replyTo event to such a gesture. To override such swipe behaviour or to even intercept it and add custom action together with the default pass in the onReplyToMessage callback and you will have access to the gestured message.","enclosedBy":{"name":"ChatFlow","kind":3,"href":"chatflow/ChatFlow-class.html"}},{"name":"onSendPressed","qualifiedName":"chatflow.ChatFlow.onSendPressed","href":"chatflow/ChatFlow/onSendPressed.html","kind":16,"overriddenDepth":0,"packageRank":0,"desc":"The callback to handle the event when a user sends a text message.","enclosedBy":{"name":"ChatFlow","kind":3,"href":"chatflow/ChatFlow-class.html"}},{"name":"pdfWidgetBuilder","qualifiedName":"chatflow.ChatFlow.pdfWidgetBuilder","href":"chatflow/ChatFlow/pdfWidgetBuilder.html","kind":16,"overriddenDepth":0,"packageRank":0,"desc":"Widget for displaying pdf files","enclosedBy":{"name":"ChatFlow","kind":3,"href":"chatflow/ChatFlow-class.html"}},{"name":"shouldGroupConsecutiveImages","qualifiedName":"chatflow.ChatFlow.shouldGroupConsecutiveImages","href":"chatflow/ChatFlow/shouldGroupConsecutiveImages.html","kind":16,"overriddenDepth":0,"packageRank":0,"desc":"Optional Defaults to true. If you don't want to group consecutive images just make it false","enclosedBy":{"name":"ChatFlow","kind":3,"href":"chatflow/ChatFlow-class.html"}},{"name":"showUserAvatarInChat","qualifiedName":"chatflow.ChatFlow.showUserAvatarInChat","href":"chatflow/ChatFlow/showUserAvatarInChat.html","kind":16,"overriddenDepth":0,"packageRank":0,"desc":"Set this as true if you want peer user avatar/profile photo to be shown in chat. This is typically used in group chat","enclosedBy":{"name":"ChatFlow","kind":3,"href":"chatflow/ChatFlow-class.html"}},{"name":"theme","qualifiedName":"chatflow.ChatFlow.theme","href":"chatflow/ChatFlow/theme.html","kind":16,"overriddenDepth":0,"packageRank":0,"desc":"Theme for customaziation","enclosedBy":{"name":"ChatFlow","kind":3,"href":"chatflow/ChatFlow-class.html"}},{"name":"videoWidgetBuilder","qualifiedName":"chatflow.ChatFlow.videoWidgetBuilder","href":"chatflow/ChatFlow/videoWidgetBuilder.html","kind":16,"overriddenDepth":0,"packageRank":0,"desc":"Widget for video message. ChatFlow does not create this widget as we focus on chat management and try to avoid conflicts with your preference","enclosedBy":{"name":"ChatFlow","kind":3,"href":"chatflow/ChatFlow-class.html"}},{"name":"ChatFlowEvent","qualifiedName":"chatflow.ChatFlowEvent","href":"chatflow/ChatFlowEvent-class.html","kind":3,"overriddenDepth":0,"packageRank":0,"desc":"Use this class' static members to trigger functions in your code that you want ChatFlow to handle","enclosedBy":{"name":"chatflow","kind":9,"href":"chatflow/chatflow-library.html"}},{"name":"ChatFlowEvent","qualifiedName":"chatflow.ChatFlowEvent.ChatFlowEvent","href":"chatflow/ChatFlowEvent/ChatFlowEvent.html","kind":2,"overriddenDepth":0,"packageRank":0,"desc":"","enclosedBy":{"name":"ChatFlowEvent","kind":3,"href":"chatflow/ChatFlowEvent-class.html"}},{"name":"unselectAllMessages","qualifiedName":"chatflow.ChatFlowEvent.unselectAllMessages","href":"chatflow/ChatFlowEvent/unselectAllMessages.html","kind":10,"overriddenDepth":0,"packageRank":0,"desc":"Used when closing/exiting selected messages based on your custom user event like tapping a button icon for disposing all selected messages","enclosedBy":{"name":"ChatFlowEvent","kind":3,"href":"chatflow/ChatFlowEvent-class.html"}},{"name":"event_manager","qualifiedName":"event_manager","href":"event_manager/event_manager-library.html","kind":9,"overriddenDepth":0,"packageRank":0,"desc":""},{"name":"EventManager","qualifiedName":"event_manager.EventManager","href":"event_manager/EventManager-class.html","kind":3,"overriddenDepth":0,"packageRank":0,"desc":"Needed for triggering event from within your controlled UI then ChatFlow listens to your events.","enclosedBy":{"name":"event_manager","kind":9,"href":"event_manager/event_manager-library.html"}},{"name":"addListener","qualifiedName":"event_manager.EventManager.addListener","href":"event_manager/EventManager/addListener.html","kind":10,"overriddenDepth":0,"packageRank":0,"desc":"For internal use only","enclosedBy":{"name":"EventManager","kind":3,"href":"event_manager/EventManager-class.html"}},{"name":"instance","qualifiedName":"event_manager.EventManager.instance","href":"event_manager/EventManager/instance.html","kind":16,"overriddenDepth":0,"packageRank":0,"desc":"Single and coherent instance of EventManger","enclosedBy":{"name":"EventManager","kind":3,"href":"event_manager/EventManager-class.html"}},{"name":"removeListener","qualifiedName":"event_manager.EventManager.removeListener","href":"event_manager/EventManager/removeListener.html","kind":10,"overriddenDepth":0,"packageRank":0,"desc":"For internal use only","enclosedBy":{"name":"EventManager","kind":3,"href":"event_manager/EventManager-class.html"}},{"name":"unselectAllMessages","qualifiedName":"event_manager.EventManager.unselectAllMessages","href":"event_manager/EventManager/unselectAllMessages.html","kind":10,"overriddenDepth":0,"packageRank":0,"desc":"For internal use only","enclosedBy":{"name":"EventManager","kind":3,"href":"event_manager/EventManager-class.html"}},{"name":"grouped_images","qualifiedName":"grouped_images","href":"widgets_image_grouped_images/widgets_image_grouped_images-library.html","kind":9,"overriddenDepth":0,"packageRank":0,"desc":""},{"name":"GroupedImages","qualifiedName":"grouped_images.GroupedImages","href":"widgets_image_grouped_images/GroupedImages-class.html","kind":3,"overriddenDepth":0,"packageRank":0,"desc":"Internal use only","enclosedBy":{"name":"grouped_images","kind":9,"href":"widgets_image_grouped_images/widgets_image_grouped_images-library.html"}},{"name":"GroupedImages","qualifiedName":"grouped_images.GroupedImages.GroupedImages","href":"widgets_image_grouped_images/GroupedImages/GroupedImages.html","kind":2,"overriddenDepth":0,"packageRank":0,"desc":"Internal use only","enclosedBy":{"name":"GroupedImages","kind":3,"href":"widgets_image_grouped_images/GroupedImages-class.html"}},{"name":"build","qualifiedName":"grouped_images.GroupedImages.build","href":"widgets_image_grouped_images/GroupedImages/build.html","kind":10,"overriddenDepth":1,"packageRank":0,"desc":"Describes the part of the user interface represented by this widget.","enclosedBy":{"name":"GroupedImages","kind":3,"href":"widgets_image_grouped_images/GroupedImages-class.html"}},{"name":"chatUser","qualifiedName":"grouped_images.GroupedImages.chatUser","href":"widgets_image_grouped_images/GroupedImages/chatUser.html","kind":16,"overriddenDepth":0,"packageRank":0,"desc":"Internal use only","enclosedBy":{"name":"GroupedImages","kind":3,"href":"widgets_image_grouped_images/GroupedImages-class.html"}},{"name":"images","qualifiedName":"grouped_images.GroupedImages.images","href":"widgets_image_grouped_images/GroupedImages/images.html","kind":16,"overriddenDepth":0,"packageRank":0,"desc":"Internal use only","enclosedBy":{"name":"GroupedImages","kind":3,"href":"widgets_image_grouped_images/GroupedImages-class.html"}},{"name":"isGroupChat","qualifiedName":"grouped_images.GroupedImages.isGroupChat","href":"widgets_image_grouped_images/GroupedImages/isGroupChat.html","kind":16,"overriddenDepth":0,"packageRank":0,"desc":"Internal use only","enclosedBy":{"name":"GroupedImages","kind":3,"href":"widgets_image_grouped_images/GroupedImages-class.html"}},{"name":"image_carousel","qualifiedName":"image_carousel","href":"widgets_image_image_carousel/widgets_image_image_carousel-library.html","kind":9,"overriddenDepth":0,"packageRank":0,"desc":""},{"name":"ImageCarousel","qualifiedName":"image_carousel.ImageCarousel","href":"widgets_image_image_carousel/ImageCarousel-class.html","kind":3,"overriddenDepth":0,"packageRank":0,"desc":"ImageCarousel is used internally when a user taps and image.","enclosedBy":{"name":"image_carousel","kind":9,"href":"widgets_image_image_carousel/widgets_image_image_carousel-library.html"}},{"name":"ImageCarousel","qualifiedName":"image_carousel.ImageCarousel.ImageCarousel","href":"widgets_image_image_carousel/ImageCarousel/ImageCarousel.html","kind":2,"overriddenDepth":0,"packageRank":0,"desc":"Create the image carousel.","enclosedBy":{"name":"ImageCarousel","kind":3,"href":"widgets_image_image_carousel/ImageCarousel-class.html"}},{"name":"createState","qualifiedName":"image_carousel.ImageCarousel.createState","href":"widgets_image_image_carousel/ImageCarousel/createState.html","kind":10,"overriddenDepth":1,"packageRank":0,"desc":"Creates the mutable state for this widget at a given location in the tree.","enclosedBy":{"name":"ImageCarousel","kind":3,"href":"widgets_image_image_carousel/ImageCarousel-class.html"}},{"name":"currentIndex","qualifiedName":"image_carousel.ImageCarousel.currentIndex","href":"widgets_image_image_carousel/ImageCarousel/currentIndex.html","kind":16,"overriddenDepth":0,"packageRank":0,"desc":"Current image index in the list of imageMessages","enclosedBy":{"name":"ImageCarousel","kind":3,"href":"widgets_image_image_carousel/ImageCarousel-class.html"}},{"name":"imageMessages","qualifiedName":"image_carousel.ImageCarousel.imageMessages","href":"widgets_image_image_carousel/ImageCarousel/imageMessages.html","kind":16,"overriddenDepth":0,"packageRank":0,"desc":"List of images that should be viewed.","enclosedBy":{"name":"ImageCarousel","kind":3,"href":"widgets_image_image_carousel/ImageCarousel-class.html"}},{"name":"image_swipe","qualifiedName":"image_swipe","href":"widgets_image_image_swipe/widgets_image_image_swipe-library.html","kind":9,"overriddenDepth":0,"packageRank":0,"desc":""},{"name":"ImagesSwipe","qualifiedName":"image_swipe.ImagesSwipe","href":"widgets_image_image_swipe/ImagesSwipe-class.html","kind":3,"overriddenDepth":0,"packageRank":0,"desc":"Image Swipe Class Used by Carousel and other related classes","enclosedBy":{"name":"image_swipe","kind":9,"href":"widgets_image_image_swipe/widgets_image_image_swipe-library.html"}},{"name":"ImagesSwipe","qualifiedName":"image_swipe.ImagesSwipe.ImagesSwipe","href":"widgets_image_image_swipe/ImagesSwipe/ImagesSwipe.html","kind":2,"overriddenDepth":0,"packageRank":0,"desc":"Constructor","enclosedBy":{"name":"ImagesSwipe","kind":3,"href":"widgets_image_image_swipe/ImagesSwipe-class.html"}},{"name":"createState","qualifiedName":"image_swipe.ImagesSwipe.createState","href":"widgets_image_image_swipe/ImagesSwipe/createState.html","kind":10,"overriddenDepth":1,"packageRank":0,"desc":"Creates the mutable state for this widget at a given location in the tree.","enclosedBy":{"name":"ImagesSwipe","kind":3,"href":"widgets_image_image_swipe/ImagesSwipe-class.html"}},{"name":"currentIndex","qualifiedName":"image_swipe.ImagesSwipe.currentIndex","href":"widgets_image_image_swipe/ImagesSwipe/currentIndex.html","kind":16,"overriddenDepth":0,"packageRank":0,"desc":"Current image index","enclosedBy":{"name":"ImagesSwipe","kind":3,"href":"widgets_image_image_swipe/ImagesSwipe-class.html"}},{"name":"imagesLength","qualifiedName":"image_swipe.ImagesSwipe.imagesLength","href":"widgets_image_image_swipe/ImagesSwipe/imagesLength.html","kind":16,"overriddenDepth":0,"packageRank":0,"desc":"Total number of images in the list","enclosedBy":{"name":"ImagesSwipe","kind":3,"href":"widgets_image_image_swipe/ImagesSwipe-class.html"}},{"name":"setCurrentIndex","qualifiedName":"image_swipe.ImagesSwipe.setCurrentIndex","href":"widgets_image_image_swipe/ImagesSwipe/setCurrentIndex.html","kind":16,"overriddenDepth":0,"packageRank":0,"desc":"Callback to set the current index","enclosedBy":{"name":"ImagesSwipe","kind":3,"href":"widgets_image_image_swipe/ImagesSwipe-class.html"}},{"name":"uri","qualifiedName":"image_swipe.ImagesSwipe.uri","href":"widgets_image_image_swipe/ImagesSwipe/uri.html","kind":16,"overriddenDepth":0,"packageRank":0,"desc":"The image uri/url or path","enclosedBy":{"name":"ImagesSwipe","kind":3,"href":"widgets_image_image_swipe/ImagesSwipe-class.html"}},{"name":"image_upload_preview_with_text_input","qualifiedName":"image_upload_preview_with_text_input","href":"widgets_image_image_upload_preview_with_text_input/widgets_image_image_upload_preview_with_text_input-library.html","kind":9,"overriddenDepth":0,"packageRank":0,"desc":""},{"name":"ControlledInput","qualifiedName":"image_upload_preview_with_text_input.ControlledInput","href":"widgets_image_image_upload_preview_with_text_input/ControlledInput-class.html","kind":3,"overriddenDepth":0,"packageRank":0,"desc":"Input widget for uploading media with text","enclosedBy":{"name":"image_upload_preview_with_text_input","kind":9,"href":"widgets_image_image_upload_preview_with_text_input/widgets_image_image_upload_preview_with_text_input-library.html"}},{"name":"ControlledInput","qualifiedName":"image_upload_preview_with_text_input.ControlledInput.ControlledInput","href":"widgets_image_image_upload_preview_with_text_input/ControlledInput/ControlledInput.html","kind":2,"overriddenDepth":0,"packageRank":0,"desc":"Input for adding text to selected media","enclosedBy":{"name":"ControlledInput","kind":3,"href":"widgets_image_image_upload_preview_with_text_input/ControlledInput-class.html"}},{"name":"createState","qualifiedName":"image_upload_preview_with_text_input.ControlledInput.createState","href":"widgets_image_image_upload_preview_with_text_input/ControlledInput/createState.html","kind":10,"overriddenDepth":1,"packageRank":0,"desc":"Creates the mutable state for this widget at a given location in the tree.","enclosedBy":{"name":"ControlledInput","kind":3,"href":"widgets_image_image_upload_preview_with_text_input/ControlledInput-class.html"}},{"name":"initialText","qualifiedName":"image_upload_preview_with_text_input.ControlledInput.initialText","href":"widgets_image_image_upload_preview_with_text_input/ControlledInput/initialText.html","kind":16,"overriddenDepth":0,"packageRank":0,"desc":"Optional Initial text passed to the input","enclosedBy":{"name":"ControlledInput","kind":3,"href":"widgets_image_image_upload_preview_with_text_input/ControlledInput-class.html"}},{"name":"onSubmitted","qualifiedName":"image_upload_preview_with_text_input.ControlledInput.onSubmitted","href":"widgets_image_image_upload_preview_with_text_input/ControlledInput/onSubmitted.html","kind":16,"overriddenDepth":0,"packageRank":0,"desc":"Callback for handling onSubmit of picked media with text","enclosedBy":{"name":"ControlledInput","kind":3,"href":"widgets_image_image_upload_preview_with_text_input/ControlledInput-class.html"}},{"name":"setMediaSelectionsWithText","qualifiedName":"image_upload_preview_with_text_input.ControlledInput.setMediaSelectionsWithText","href":"widgets_image_image_upload_preview_with_text_input/ControlledInput/setMediaSelectionsWithText.html","kind":16,"overriddenDepth":0,"packageRank":0,"desc":"Callback to handle setting the media selected with the input text","enclosedBy":{"name":"ControlledInput","kind":3,"href":"widgets_image_image_upload_preview_with_text_input/ControlledInput-class.html"}},{"name":"ImageUploadPreviewWithTextInput","qualifiedName":"image_upload_preview_with_text_input.ImageUploadPreviewWithTextInput","href":"widgets_image_image_upload_preview_with_text_input/ImageUploadPreviewWithTextInput-class.html","kind":3,"overriddenDepth":0,"packageRank":0,"desc":"This class should be called for handling selected images preview and text addition before sending to list of messages or server","enclosedBy":{"name":"image_upload_preview_with_text_input","kind":9,"href":"widgets_image_image_upload_preview_with_text_input/widgets_image_image_upload_preview_with_text_input-library.html"}},{"name":"ImageUploadPreviewWithTextInput","qualifiedName":"image_upload_preview_with_text_input.ImageUploadPreviewWithTextInput.ImageUploadPreviewWithTextInput","href":"widgets_image_image_upload_preview_with_text_input/ImageUploadPreviewWithTextInput/ImageUploadPreviewWithTextInput.html","kind":2,"overriddenDepth":0,"packageRank":0,"desc":"Pass in the required parameters.","enclosedBy":{"name":"ImageUploadPreviewWithTextInput","kind":3,"href":"widgets_image_image_upload_preview_with_text_input/ImageUploadPreviewWithTextInput-class.html"}},{"name":"createState","qualifiedName":"image_upload_preview_with_text_input.ImageUploadPreviewWithTextInput.createState","href":"widgets_image_image_upload_preview_with_text_input/ImageUploadPreviewWithTextInput/createState.html","kind":10,"overriddenDepth":1,"packageRank":0,"desc":"Creates the mutable state for this widget at a given location in the tree.","enclosedBy":{"name":"ImageUploadPreviewWithTextInput","kind":3,"href":"widgets_image_image_upload_preview_with_text_input/ImageUploadPreviewWithTextInput-class.html"}},{"name":"currentIndex","qualifiedName":"image_upload_preview_with_text_input.ImageUploadPreviewWithTextInput.currentIndex","href":"widgets_image_image_upload_preview_with_text_input/ImageUploadPreviewWithTextInput/currentIndex.html","kind":16,"overriddenDepth":0,"packageRank":0,"desc":"Current index of all images selected by the user","enclosedBy":{"name":"ImageUploadPreviewWithTextInput","kind":3,"href":"widgets_image_image_upload_preview_with_text_input/ImageUploadPreviewWithTextInput-class.html"}},{"name":"imagesUri","qualifiedName":"image_upload_preview_with_text_input.ImageUploadPreviewWithTextInput.imagesUri","href":"widgets_image_image_upload_preview_with_text_input/ImageUploadPreviewWithTextInput/imagesUri.html","kind":16,"overriddenDepth":0,"packageRank":0,"desc":"The image uri/url or local file path","enclosedBy":{"name":"ImageUploadPreviewWithTextInput","kind":3,"href":"widgets_image_image_upload_preview_with_text_input/ImageUploadPreviewWithTextInput-class.html"}},{"name":"setMediaSelectionsWithText","qualifiedName":"image_upload_preview_with_text_input.ImageUploadPreviewWithTextInput.setMediaSelectionsWithText","href":"widgets_image_image_upload_preview_with_text_input/ImageUploadPreviewWithTextInput/setMediaSelectionsWithText.html","kind":16,"overriddenDepth":0,"packageRank":0,"desc":"Callback to set state of selected image with optional text entered by the user at preview","enclosedBy":{"name":"ImageUploadPreviewWithTextInput","kind":3,"href":"widgets_image_image_upload_preview_with_text_input/ImageUploadPreviewWithTextInput-class.html"}},{"name":"library","qualifiedName":"library","href":"library/library-library.html","kind":9,"overriddenDepth":0,"packageRank":0,"desc":""},{"name":"AudioMessageWidget","qualifiedName":"library.AudioMessageWidget","href":"library/AudioMessageWidget-class.html","kind":3,"overriddenDepth":0,"packageRank":0,"desc":"Audio message widget","enclosedBy":{"name":"library","kind":9,"href":"library/library-library.html"}},{"name":"AudioMessageWidget","qualifiedName":"library.AudioMessageWidget.AudioMessageWidget","href":"library/AudioMessageWidget/AudioMessageWidget.html","kind":2,"overriddenDepth":0,"packageRank":0,"desc":"Audio message widget to display an audio message type","enclosedBy":{"name":"AudioMessageWidget","kind":3,"href":"library/AudioMessageWidget-class.html"}},{"name":"build","qualifiedName":"library.AudioMessageWidget.build","href":"library/AudioMessageWidget/build.html","kind":10,"overriddenDepth":1,"packageRank":0,"desc":"Describes the part of the user interface represented by this widget.","enclosedBy":{"name":"AudioMessageWidget","kind":3,"href":"library/AudioMessageWidget-class.html"}},{"name":"isAuthor","qualifiedName":"library.AudioMessageWidget.isAuthor","href":"library/AudioMessageWidget/isAuthor.html","kind":16,"overriddenDepth":0,"packageRank":0,"desc":"If set to true, widget is displayed to the right","enclosedBy":{"name":"AudioMessageWidget","kind":3,"href":"library/AudioMessageWidget-class.html"}},{"name":"text","qualifiedName":"library.AudioMessageWidget.text","href":"library/AudioMessageWidget/text.html","kind":16,"overriddenDepth":0,"packageRank":0,"desc":"Optional text","enclosedBy":{"name":"AudioMessageWidget","kind":3,"href":"library/AudioMessageWidget-class.html"}},{"name":"uri","qualifiedName":"library.AudioMessageWidget.uri","href":"library/AudioMessageWidget/uri.html","kind":16,"overriddenDepth":0,"packageRank":0,"desc":"uri/url or local file path","enclosedBy":{"name":"AudioMessageWidget","kind":3,"href":"library/AudioMessageWidget-class.html"}},{"name":"AudioWidget","qualifiedName":"library.AudioWidget","href":"library/AudioWidget-class.html","kind":3,"overriddenDepth":0,"packageRank":0,"desc":"Audio Widget","enclosedBy":{"name":"library","kind":9,"href":"library/library-library.html"}},{"name":"AudioWidget","qualifiedName":"library.AudioWidget.AudioWidget","href":"library/AudioWidget/AudioWidget.html","kind":2,"overriddenDepth":0,"packageRank":0,"desc":"Pass in the uri","enclosedBy":{"name":"AudioWidget","kind":3,"href":"library/AudioWidget-class.html"}},{"name":"build","qualifiedName":"library.AudioWidget.build","href":"library/AudioWidget/build.html","kind":10,"overriddenDepth":1,"packageRank":0,"desc":"Describes the part of the user interface represented by this widget.","enclosedBy":{"name":"AudioWidget","kind":3,"href":"library/AudioWidget-class.html"}},{"name":"uri","qualifiedName":"library.AudioWidget.uri","href":"library/AudioWidget/uri.html","kind":16,"overriddenDepth":0,"packageRank":0,"desc":"uri/url or path of the audio file","enclosedBy":{"name":"AudioWidget","kind":3,"href":"library/AudioWidget-class.html"}},{"name":"ChatInputWidget","qualifiedName":"library.ChatInputWidget","href":"library/ChatInputWidget-class.html","kind":3,"overriddenDepth":0,"packageRank":0,"desc":"Not for your usage","enclosedBy":{"name":"library","kind":9,"href":"library/library-library.html"}},{"name":"ChatInputWidget","qualifiedName":"library.ChatInputWidget.ChatInputWidget","href":"library/ChatInputWidget/ChatInputWidget.html","kind":2,"overriddenDepth":0,"packageRank":0,"desc":"Internal use only.","enclosedBy":{"name":"ChatInputWidget","kind":3,"href":"library/ChatInputWidget-class.html"}},{"name":"createState","qualifiedName":"library.ChatInputWidget.createState","href":"library/ChatInputWidget/createState.html","kind":10,"overriddenDepth":1,"packageRank":0,"desc":"Creates the mutable state for this widget at a given location in the tree.","enclosedBy":{"name":"ChatInputWidget","kind":3,"href":"library/ChatInputWidget-class.html"}},{"name":"customWidgetBuilder","qualifiedName":"library.ChatInputWidget.customWidgetBuilder","href":"library/ChatInputWidget/customWidgetBuilder.html","kind":16,"overriddenDepth":0,"packageRank":0,"desc":"Optional widget to be passed","enclosedBy":{"name":"ChatInputWidget","kind":3,"href":"library/ChatInputWidget-class.html"}},{"name":"isAuthor","qualifiedName":"library.ChatInputWidget.isAuthor","href":"library/ChatInputWidget/isAuthor.html","kind":16,"overriddenDepth":0,"packageRank":0,"desc":"Internall use","enclosedBy":{"name":"ChatInputWidget","kind":3,"href":"library/ChatInputWidget-class.html"}},{"name":"onAttachmentPressed","qualifiedName":"library.ChatInputWidget.onAttachmentPressed","href":"library/ChatInputWidget/onAttachmentPressed.html","kind":16,"overriddenDepth":0,"packageRank":0,"desc":"The callback for handling attachment button click.","enclosedBy":{"name":"ChatInputWidget","kind":3,"href":"library/ChatInputWidget-class.html"}},{"name":"onSendPressed","qualifiedName":"library.ChatInputWidget.onSendPressed","href":"library/ChatInputWidget/onSendPressed.html","kind":16,"overriddenDepth":0,"packageRank":0,"desc":"The callback to handle the event when a user sends a text message.","enclosedBy":{"name":"ChatInputWidget","kind":3,"href":"library/ChatInputWidget-class.html"}},{"name":"pdfWidgetBuilder","qualifiedName":"library.ChatInputWidget.pdfWidgetBuilder","href":"library/ChatInputWidget/pdfWidgetBuilder.html","kind":16,"overriddenDepth":0,"packageRank":0,"desc":"Optional widget to be passed","enclosedBy":{"name":"ChatInputWidget","kind":3,"href":"library/ChatInputWidget-class.html"}},{"name":"replyMessage","qualifiedName":"library.ChatInputWidget.replyMessage","href":"library/ChatInputWidget/replyMessage.html","kind":16,"overriddenDepth":0,"packageRank":0,"desc":"The swiped message to be replied to","enclosedBy":{"name":"ChatInputWidget","kind":3,"href":"library/ChatInputWidget-class.html"}},{"name":"unsetReplyMessage","qualifiedName":"library.ChatInputWidget.unsetReplyMessage","href":"library/ChatInputWidget/unsetReplyMessage.html","kind":16,"overriddenDepth":0,"packageRank":0,"desc":"Internal Callback to unset reply message","enclosedBy":{"name":"ChatInputWidget","kind":3,"href":"library/ChatInputWidget-class.html"}},{"name":"videoWidgetBuilder","qualifiedName":"library.ChatInputWidget.videoWidgetBuilder","href":"library/ChatInputWidget/videoWidgetBuilder.html","kind":16,"overriddenDepth":0,"packageRank":0,"desc":"Optional widget to be passed","enclosedBy":{"name":"ChatInputWidget","kind":3,"href":"library/ChatInputWidget-class.html"}},{"name":"ComputedMessage","qualifiedName":"library.ComputedMessage","href":"library/ComputedMessage-class.html","kind":3,"overriddenDepth":0,"packageRank":0,"desc":"Class to dynamically chose which widget to use to display a particular message based on message type","enclosedBy":{"name":"library","kind":9,"href":"library/library-library.html"}},{"name":"ComputedMessage","qualifiedName":"library.ComputedMessage.ComputedMessage","href":"library/ComputedMessage/ComputedMessage.html","kind":2,"overriddenDepth":0,"packageRank":0,"desc":"Handle the computation","enclosedBy":{"name":"ComputedMessage","kind":3,"href":"library/ComputedMessage-class.html"}},{"name":"build","qualifiedName":"library.ComputedMessage.build","href":"library/ComputedMessage/build.html","kind":10,"overriddenDepth":1,"packageRank":0,"desc":"Describes the part of the user interface represented by this widget.","enclosedBy":{"name":"ComputedMessage","kind":3,"href":"library/ComputedMessage-class.html"}},{"name":"customWidgetBuilder","qualifiedName":"library.ComputedMessage.customWidgetBuilder","href":"library/ComputedMessage/customWidgetBuilder.html","kind":16,"overriddenDepth":0,"packageRank":0,"desc":"Optional widget to be passed","enclosedBy":{"name":"ComputedMessage","kind":3,"href":"library/ComputedMessage-class.html"}},{"name":"isAuthor","qualifiedName":"library.ComputedMessage.isAuthor","href":"library/ComputedMessage/isAuthor.html","kind":16,"overriddenDepth":0,"packageRank":0,"desc":"If true, message is displayed to the right","enclosedBy":{"name":"ComputedMessage","kind":3,"href":"library/ComputedMessage-class.html"}},{"name":"message","qualifiedName":"library.ComputedMessage.message","href":"library/ComputedMessage/message.html","kind":16,"overriddenDepth":0,"packageRank":0,"desc":"Message","enclosedBy":{"name":"ComputedMessage","kind":3,"href":"library/ComputedMessage-class.html"}},{"name":"onImageMessageTapped","qualifiedName":"library.ComputedMessage.onImageMessageTapped","href":"library/ComputedMessage/onImageMessageTapped.html","kind":16,"overriddenDepth":0,"packageRank":0,"desc":"Optional\nCallback for onImageMessageTapped","enclosedBy":{"name":"ComputedMessage","kind":3,"href":"library/ComputedMessage-class.html"}},{"name":"pdfWidgetBuilder","qualifiedName":"library.ComputedMessage.pdfWidgetBuilder","href":"library/ComputedMessage/pdfWidgetBuilder.html","kind":16,"overriddenDepth":0,"packageRank":0,"desc":"Optional widget to be passed","enclosedBy":{"name":"ComputedMessage","kind":3,"href":"library/ComputedMessage-class.html"}},{"name":"shouldFitToAvailableSize","qualifiedName":"library.ComputedMessage.shouldFitToAvailableSize","href":"library/ComputedMessage/shouldFitToAvailableSize.html","kind":16,"overriddenDepth":0,"packageRank":0,"desc":"Optional Internally used to scale image to fit available box","enclosedBy":{"name":"ComputedMessage","kind":3,"href":"library/ComputedMessage-class.html"}},{"name":"shouldHideText","qualifiedName":"library.ComputedMessage.shouldHideText","href":"library/ComputedMessage/shouldHideText.html","kind":16,"overriddenDepth":0,"packageRank":0,"desc":"Optional If false or not provide the text will be displayed under the image.\nOtherwise, the text will not be displayed.","enclosedBy":{"name":"ComputedMessage","kind":3,"href":"library/ComputedMessage-class.html"}},{"name":"videoWidgetBuilder","qualifiedName":"library.ComputedMessage.videoWidgetBuilder","href":"library/ComputedMessage/videoWidgetBuilder.html","kind":16,"overriddenDepth":0,"packageRank":0,"desc":"Optional widget to be passed","enclosedBy":{"name":"ComputedMessage","kind":3,"href":"library/ComputedMessage-class.html"}},{"name":"ImageMessageWidget","qualifiedName":"library.ImageMessageWidget","href":"library/ImageMessageWidget-class.html","kind":3,"overriddenDepth":0,"packageRank":0,"desc":"Image Message Widget for displaying images.","enclosedBy":{"name":"library","kind":9,"href":"library/library-library.html"}},{"name":"ImageMessageWidget","qualifiedName":"library.ImageMessageWidget.ImageMessageWidget","href":"library/ImageMessageWidget/ImageMessageWidget.html","kind":2,"overriddenDepth":0,"packageRank":0,"desc":"Constructor of the Image Message Widget","enclosedBy":{"name":"ImageMessageWidget","kind":3,"href":"library/ImageMessageWidget-class.html"}},{"name":"build","qualifiedName":"library.ImageMessageWidget.build","href":"library/ImageMessageWidget/build.html","kind":10,"overriddenDepth":1,"packageRank":0,"desc":"Describes the part of the user interface represented by this widget.","enclosedBy":{"name":"ImageMessageWidget","kind":3,"href":"library/ImageMessageWidget-class.html"}},{"name":"hasText","qualifiedName":"library.ImageMessageWidget.hasText","href":"library/ImageMessageWidget/hasText.html","kind":10,"overriddenDepth":0,"packageRank":0,"desc":"Check and return if it is a text and not empty","enclosedBy":{"name":"ImageMessageWidget","kind":3,"href":"library/ImageMessageWidget-class.html"}},{"name":"isAuthor","qualifiedName":"library.ImageMessageWidget.isAuthor","href":"library/ImageMessageWidget/isAuthor.html","kind":16,"overriddenDepth":0,"packageRank":0,"desc":"If set to true, the image appears to the right of the screen otherwise left of the screen.","enclosedBy":{"name":"ImageMessageWidget","kind":3,"href":"library/ImageMessageWidget-class.html"}},{"name":"shouldFitToAvailableSize","qualifiedName":"library.ImageMessageWidget.shouldFitToAvailableSize","href":"library/ImageMessageWidget/shouldFitToAvailableSize.html","kind":16,"overriddenDepth":0,"packageRank":0,"desc":"Optional Internally used to scale image to fit available box","enclosedBy":{"name":"ImageMessageWidget","kind":3,"href":"library/ImageMessageWidget-class.html"}},{"name":"shouldHideText","qualifiedName":"library.ImageMessageWidget.shouldHideText","href":"library/ImageMessageWidget/shouldHideText.html","kind":16,"overriddenDepth":0,"packageRank":0,"desc":"Optional If false or not provide the text will be displayed under the image.\nOtherwise, the text will not be displayed.","enclosedBy":{"name":"ImageMessageWidget","kind":3,"href":"library/ImageMessageWidget-class.html"}},{"name":"text","qualifiedName":"library.ImageMessageWidget.text","href":"library/ImageMessageWidget/text.html","kind":16,"overriddenDepth":0,"packageRank":0,"desc":"Optional text to be displayed at the bottom of the image","enclosedBy":{"name":"ImageMessageWidget","kind":3,"href":"library/ImageMessageWidget-class.html"}},{"name":"uri","qualifiedName":"library.ImageMessageWidget.uri","href":"library/ImageMessageWidget/uri.html","kind":16,"overriddenDepth":0,"packageRank":0,"desc":"Pass in the uri/url of the image. This could be a server image or a local file","enclosedBy":{"name":"ImageMessageWidget","kind":3,"href":"library/ImageMessageWidget-class.html"}},{"name":"ImageWidget","qualifiedName":"library.ImageWidget","href":"library/ImageWidget-class.html","kind":3,"overriddenDepth":0,"packageRank":0,"desc":"Image widget to display image messages","enclosedBy":{"name":"library","kind":9,"href":"library/library-library.html"}},{"name":"ImageWidget","qualifiedName":"library.ImageWidget.ImageWidget","href":"library/ImageWidget/ImageWidget.html","kind":2,"overriddenDepth":0,"packageRank":0,"desc":"Ensure you pass in the uri The uri could be a path as well","enclosedBy":{"name":"ImageWidget","kind":3,"href":"library/ImageWidget-class.html"}},{"name":"build","qualifiedName":"library.ImageWidget.build","href":"library/ImageWidget/build.html","kind":10,"overriddenDepth":1,"packageRank":0,"desc":"Describes the part of the user interface represented by this widget.","enclosedBy":{"name":"ImageWidget","kind":3,"href":"library/ImageWidget-class.html"}},{"name":"uri","qualifiedName":"library.ImageWidget.uri","href":"library/ImageWidget/uri.html","kind":16,"overriddenDepth":0,"packageRank":0,"desc":"Image url/uri or local file path","enclosedBy":{"name":"ImageWidget","kind":3,"href":"library/ImageWidget-class.html"}},{"name":"media_selection_with_text","qualifiedName":"media_selection_with_text","href":"widgets_media_selection_with_text/widgets_media_selection_with_text-library.html","kind":9,"overriddenDepth":0,"packageRank":0,"desc":""},{"name":"MediaSelectionWithText","qualifiedName":"media_selection_with_text.MediaSelectionWithText","href":"widgets_media_selection_with_text/MediaSelectionWithText-class.html","kind":3,"overriddenDepth":0,"packageRank":0,"desc":"A class for Media Upload with optional text","enclosedBy":{"name":"media_selection_with_text","kind":9,"href":"widgets_media_selection_with_text/widgets_media_selection_with_text-library.html"}},{"name":"MediaSelectionWithText","qualifiedName":"media_selection_with_text.MediaSelectionWithText.MediaSelectionWithText","href":"widgets_media_selection_with_text/MediaSelectionWithText/MediaSelectionWithText.html","kind":2,"overriddenDepth":0,"packageRank":0,"desc":"Create the instance","enclosedBy":{"name":"MediaSelectionWithText","kind":3,"href":"widgets_media_selection_with_text/MediaSelectionWithText-class.html"}},{"name":"copyWith","qualifiedName":"media_selection_with_text.MediaSelectionWithText.copyWith","href":"widgets_media_selection_with_text/MediaSelectionWithText/copyWith.html","kind":10,"overriddenDepth":0,"packageRank":0,"desc":"Make a copy of this with the new text","enclosedBy":{"name":"MediaSelectionWithText","kind":3,"href":"widgets_media_selection_with_text/MediaSelectionWithText-class.html"}},{"name":"text","qualifiedName":"media_selection_with_text.MediaSelectionWithText.text","href":"widgets_media_selection_with_text/MediaSelectionWithText/text.html","kind":16,"overriddenDepth":0,"packageRank":0,"desc":"Optional text","enclosedBy":{"name":"MediaSelectionWithText","kind":3,"href":"widgets_media_selection_with_text/MediaSelectionWithText-class.html"}},{"name":"uri","qualifiedName":"media_selection_with_text.MediaSelectionWithText.uri","href":"widgets_media_selection_with_text/MediaSelectionWithText/uri.html","kind":16,"overriddenDepth":0,"packageRank":0,"desc":"uri/url or local file path of selected file","enclosedBy":{"name":"MediaSelectionWithText","kind":3,"href":"widgets_media_selection_with_text/MediaSelectionWithText-class.html"}},{"name":"message_gesture_callback_manager","qualifiedName":"message_gesture_callback_manager","href":"message_gesture_callback_manager/message_gesture_callback_manager-library.html","kind":9,"overriddenDepth":0,"packageRank":0,"desc":""},{"name":"MessageGestureCallbackManager","qualifiedName":"message_gesture_callback_manager.MessageGestureCallbackManager","href":"message_gesture_callback_manager/MessageGestureCallbackManager-class.html","kind":3,"overriddenDepth":0,"packageRank":0,"desc":"Message Gesture Callback Manager for global access of predefined callbacks across widgets in the tree","enclosedBy":{"name":"message_gesture_callback_manager","kind":9,"href":"message_gesture_callback_manager/message_gesture_callback_manager-library.html"}},{"name":"executeCallback","qualifiedName":"message_gesture_callback_manager.MessageGestureCallbackManager.executeCallback","href":"message_gesture_callback_manager/MessageGestureCallbackManager/executeCallback.html","kind":10,"overriddenDepth":0,"packageRank":0,"desc":"Method to execute a callback","enclosedBy":{"name":"MessageGestureCallbackManager","kind":3,"href":"message_gesture_callback_manager/MessageGestureCallbackManager-class.html"}},{"name":"getCallback","qualifiedName":"message_gesture_callback_manager.MessageGestureCallbackManager.getCallback","href":"message_gesture_callback_manager/MessageGestureCallbackManager/getCallback.html","kind":10,"overriddenDepth":0,"packageRank":0,"desc":"Method to get a callback","enclosedBy":{"name":"MessageGestureCallbackManager","kind":3,"href":"message_gesture_callback_manager/MessageGestureCallbackManager-class.html"}},{"name":"instance","qualifiedName":"message_gesture_callback_manager.MessageGestureCallbackManager.instance","href":"message_gesture_callback_manager/MessageGestureCallbackManager/instance.html","kind":16,"overriddenDepth":0,"packageRank":0,"desc":"Factory constructor to return the same instance","enclosedBy":{"name":"MessageGestureCallbackManager","kind":3,"href":"message_gesture_callback_manager/MessageGestureCallbackManager-class.html"}},{"name":"registerCallback","qualifiedName":"message_gesture_callback_manager.MessageGestureCallbackManager.registerCallback","href":"message_gesture_callback_manager/MessageGestureCallbackManager/registerCallback.html","kind":10,"overriddenDepth":0,"packageRank":0,"desc":"Method to register a callback","enclosedBy":{"name":"MessageGestureCallbackManager","kind":3,"href":"message_gesture_callback_manager/MessageGestureCallbackManager-class.html"}},{"name":"removeCallback","qualifiedName":"message_gesture_callback_manager.MessageGestureCallbackManager.removeCallback","href":"message_gesture_callback_manager/MessageGestureCallbackManager/removeCallback.html","kind":10,"overriddenDepth":0,"packageRank":0,"desc":"Method to remove a callback","enclosedBy":{"name":"MessageGestureCallbackManager","kind":3,"href":"message_gesture_callback_manager/MessageGestureCallbackManager-class.html"}},{"name":"models","qualifiedName":"models","href":"models/models-library.html","kind":9,"overriddenDepth":0,"packageRank":0,"desc":""},{"name":"AudioMessage","qualifiedName":"models.AudioMessage","href":"models/AudioMessage-class.html","kind":3,"overriddenDepth":0,"packageRank":0,"desc":"Audio message","enclosedBy":{"name":"models","kind":9,"href":"models/models-library.html"}},{"name":"AudioMessage","qualifiedName":"models.AudioMessage.AudioMessage","href":"models/AudioMessage/AudioMessage.html","kind":2,"overriddenDepth":0,"packageRank":0,"desc":"Create","enclosedBy":{"name":"AudioMessage","kind":3,"href":"models/AudioMessage-class.html"}},{"name":"text","qualifiedName":"models.AudioMessage.text","href":"models/AudioMessage/text.html","kind":16,"overriddenDepth":0,"packageRank":0,"desc":"Optional text","enclosedBy":{"name":"AudioMessage","kind":3,"href":"models/AudioMessage-class.html"}},{"name":"uri","qualifiedName":"models.AudioMessage.uri","href":"models/AudioMessage/uri.html","kind":16,"overriddenDepth":0,"packageRank":0,"desc":"uri/url or local file path","enclosedBy":{"name":"AudioMessage","kind":3,"href":"models/AudioMessage-class.html"}},{"name":"ChatInfo","qualifiedName":"models.ChatInfo","href":"models/ChatInfo-class.html","kind":3,"overriddenDepth":0,"packageRank":0,"desc":"Chat info could be anything like announcement or in-chat notification","enclosedBy":{"name":"models","kind":9,"href":"models/models-library.html"}},{"name":"ChatInfo","qualifiedName":"models.ChatInfo.ChatInfo","href":"models/ChatInfo/ChatInfo.html","kind":2,"overriddenDepth":0,"packageRank":0,"desc":"Create the class","enclosedBy":{"name":"ChatInfo","kind":3,"href":"models/ChatInfo-class.html"}},{"name":"info","qualifiedName":"models.ChatInfo.info","href":"models/ChatInfo/info.html","kind":16,"overriddenDepth":0,"packageRank":0,"desc":"Text information","enclosedBy":{"name":"ChatInfo","kind":3,"href":"models/ChatInfo-class.html"}},{"name":"ChatUser","qualifiedName":"models.ChatUser","href":"models/ChatUser-class.html","kind":3,"overriddenDepth":0,"packageRank":0,"desc":"Chat User","enclosedBy":{"name":"models","kind":9,"href":"models/models-library.html"}},{"name":"ChatUser","qualifiedName":"models.ChatUser.ChatUser","href":"models/ChatUser/ChatUser.html","kind":2,"overriddenDepth":0,"packageRank":0,"desc":"Create user","enclosedBy":{"name":"ChatUser","kind":3,"href":"models/ChatUser-class.html"}},{"name":"name","qualifiedName":"models.ChatUser.name","href":"models/ChatUser/name.html","kind":16,"overriddenDepth":0,"packageRank":0,"desc":"Name","enclosedBy":{"name":"ChatUser","kind":3,"href":"models/ChatUser-class.html"}},{"name":"photoUrl","qualifiedName":"models.ChatUser.photoUrl","href":"models/ChatUser/photoUrl.html","kind":16,"overriddenDepth":0,"packageRank":0,"desc":"Photo url on server","enclosedBy":{"name":"ChatUser","kind":3,"href":"models/ChatUser-class.html"}},{"name":"userID","qualifiedName":"models.ChatUser.userID","href":"models/ChatUser/userID.html","kind":16,"overriddenDepth":0,"packageRank":0,"desc":"Unique for identifying each user in chat","enclosedBy":{"name":"ChatUser","kind":3,"href":"models/ChatUser-class.html"}},{"name":"CustomMessage","qualifiedName":"models.CustomMessage","href":"models/CustomMessage-class.html","kind":3,"overriddenDepth":0,"packageRank":0,"desc":"PDF","enclosedBy":{"name":"models","kind":9,"href":"models/models-library.html"}},{"name":"CustomMessage","qualifiedName":"models.CustomMessage.CustomMessage","href":"models/CustomMessage/CustomMessage.html","kind":2,"overriddenDepth":0,"packageRank":0,"desc":"Create class","enclosedBy":{"name":"CustomMessage","kind":3,"href":"models/CustomMessage-class.html"}},{"name":"custom","qualifiedName":"models.CustomMessage.custom","href":"models/CustomMessage/custom.html","kind":16,"overriddenDepth":0,"packageRank":0,"desc":"uri/url or local file path","enclosedBy":{"name":"CustomMessage","kind":3,"href":"models/CustomMessage-class.html"}},{"name":"text","qualifiedName":"models.CustomMessage.text","href":"models/CustomMessage/text.html","kind":16,"overriddenDepth":0,"packageRank":0,"desc":"Optional text","enclosedBy":{"name":"CustomMessage","kind":3,"href":"models/CustomMessage-class.html"}},{"name":"DocMessage","qualifiedName":"models.DocMessage","href":"models/DocMessage-class.html","kind":3,"overriddenDepth":0,"packageRank":0,"desc":"PDF","enclosedBy":{"name":"models","kind":9,"href":"models/models-library.html"}},{"name":"DocMessage","qualifiedName":"models.DocMessage.DocMessage","href":"models/DocMessage/DocMessage.html","kind":2,"overriddenDepth":0,"packageRank":0,"desc":"Create class","enclosedBy":{"name":"DocMessage","kind":3,"href":"models/DocMessage-class.html"}},{"name":"text","qualifiedName":"models.DocMessage.text","href":"models/DocMessage/text.html","kind":16,"overriddenDepth":0,"packageRank":0,"desc":"Optional text","enclosedBy":{"name":"DocMessage","kind":3,"href":"models/DocMessage-class.html"}},{"name":"uri","qualifiedName":"models.DocMessage.uri","href":"models/DocMessage/uri.html","kind":16,"overriddenDepth":0,"packageRank":0,"desc":"uri/url or local file path","enclosedBy":{"name":"DocMessage","kind":3,"href":"models/DocMessage-class.html"}},{"name":"FileMessage","qualifiedName":"models.FileMessage","href":"models/FileMessage-class.html","kind":3,"overriddenDepth":0,"packageRank":0,"desc":"PDF","enclosedBy":{"name":"models","kind":9,"href":"models/models-library.html"}},{"name":"FileMessage","qualifiedName":"models.FileMessage.FileMessage","href":"models/FileMessage/FileMessage.html","kind":2,"overriddenDepth":0,"packageRank":0,"desc":"Create class","enclosedBy":{"name":"FileMessage","kind":3,"href":"models/FileMessage-class.html"}},{"name":"text","qualifiedName":"models.FileMessage.text","href":"models/FileMessage/text.html","kind":16,"overriddenDepth":0,"packageRank":0,"desc":"Optional text","enclosedBy":{"name":"FileMessage","kind":3,"href":"models/FileMessage-class.html"}},{"name":"uri","qualifiedName":"models.FileMessage.uri","href":"models/FileMessage/uri.html","kind":16,"overriddenDepth":0,"packageRank":0,"desc":"uri/url or local file path","enclosedBy":{"name":"FileMessage","kind":3,"href":"models/FileMessage-class.html"}},{"name":"ImageMessage","qualifiedName":"models.ImageMessage","href":"models/ImageMessage-class.html","kind":3,"overriddenDepth":0,"packageRank":0,"desc":"Image message","enclosedBy":{"name":"models","kind":9,"href":"models/models-library.html"}},{"name":"ImageMessage","qualifiedName":"models.ImageMessage.ImageMessage","href":"models/ImageMessage/ImageMessage.html","kind":2,"overriddenDepth":0,"packageRank":0,"desc":"Create","enclosedBy":{"name":"ImageMessage","kind":3,"href":"models/ImageMessage-class.html"}},{"name":"text","qualifiedName":"models.ImageMessage.text","href":"models/ImageMessage/text.html","kind":16,"overriddenDepth":0,"packageRank":0,"desc":"Optional text","enclosedBy":{"name":"ImageMessage","kind":3,"href":"models/ImageMessage-class.html"}},{"name":"uri","qualifiedName":"models.ImageMessage.uri","href":"models/ImageMessage/uri.html","kind":16,"overriddenDepth":0,"packageRank":0,"desc":"uri/url or local file path","enclosedBy":{"name":"ImageMessage","kind":3,"href":"models/ImageMessage-class.html"}},{"name":"Message","qualifiedName":"models.Message","href":"models/Message-class.html","kind":3,"overriddenDepth":0,"packageRank":0,"desc":"Base Message class and should'nt be used directly. Can be extended to create other message types","enclosedBy":{"name":"models","kind":9,"href":"models/models-library.html"}},{"name":"Message","qualifiedName":"models.Message.Message","href":"models/Message/Message.html","kind":2,"overriddenDepth":0,"packageRank":0,"desc":"Create the class","enclosedBy":{"name":"Message","kind":3,"href":"models/Message-class.html"}},{"name":"author","qualifiedName":"models.Message.author","href":"models/Message/author.html","kind":16,"overriddenDepth":0,"packageRank":0,"desc":"Message sender","enclosedBy":{"name":"Message","kind":3,"href":"models/Message-class.html"}},{"name":"createdAt","qualifiedName":"models.Message.createdAt","href":"models/Message/createdAt.html","kind":16,"overriddenDepth":0,"packageRank":0,"desc":"Timestamp","enclosedBy":{"name":"Message","kind":3,"href":"models/Message-class.html"}},{"name":"messageID","qualifiedName":"models.Message.messageID","href":"models/Message/messageID.html","kind":16,"overriddenDepth":0,"packageRank":0,"desc":"Message ID","enclosedBy":{"name":"Message","kind":3,"href":"models/Message-class.html"}},{"name":"meta","qualifiedName":"models.Message.meta","href":"models/Message/meta.html","kind":16,"overriddenDepth":0,"packageRank":0,"desc":"Store other details you need here.","enclosedBy":{"name":"Message","kind":3,"href":"models/Message-class.html"}},{"name":"repliedTo","qualifiedName":"models.Message.repliedTo","href":"models/Message/repliedTo.html","kind":16,"overriddenDepth":0,"packageRank":0,"desc":"Optional The Message that this message is replied","enclosedBy":{"name":"Message","kind":3,"href":"models/Message-class.html"}},{"name":"status","qualifiedName":"models.Message.status","href":"models/Message/status.html","kind":16,"overriddenDepth":0,"packageRank":0,"desc":"Delivery status could be any of the follow sending, sent, delivered, read","enclosedBy":{"name":"Message","kind":3,"href":"models/Message-class.html"}},{"name":"toString","qualifiedName":"models.Message.toString","href":"models/Message/toString.html","kind":10,"overriddenDepth":1,"packageRank":0,"desc":"A string representation of this object.","enclosedBy":{"name":"Message","kind":3,"href":"models/Message-class.html"}},{"name":"type","qualifiedName":"models.Message.type","href":"models/Message/type.html","kind":16,"overriddenDepth":0,"packageRank":0,"desc":"Internal Message type. Must be one of the types in types file","enclosedBy":{"name":"Message","kind":3,"href":"models/Message-class.html"}},{"name":"PdfMessage","qualifiedName":"models.PdfMessage","href":"models/PdfMessage-class.html","kind":3,"overriddenDepth":0,"packageRank":0,"desc":"PDF","enclosedBy":{"name":"models","kind":9,"href":"models/models-library.html"}},{"name":"PdfMessage","qualifiedName":"models.PdfMessage.PdfMessage","href":"models/PdfMessage/PdfMessage.html","kind":2,"overriddenDepth":0,"packageRank":0,"desc":"Create class","enclosedBy":{"name":"PdfMessage","kind":3,"href":"models/PdfMessage-class.html"}},{"name":"text","qualifiedName":"models.PdfMessage.text","href":"models/PdfMessage/text.html","kind":16,"overriddenDepth":0,"packageRank":0,"desc":"Optional text","enclosedBy":{"name":"PdfMessage","kind":3,"href":"models/PdfMessage-class.html"}},{"name":"uri","qualifiedName":"models.PdfMessage.uri","href":"models/PdfMessage/uri.html","kind":16,"overriddenDepth":0,"packageRank":0,"desc":"uri/url or local file path","enclosedBy":{"name":"PdfMessage","kind":3,"href":"models/PdfMessage-class.html"}},{"name":"TextMessage","qualifiedName":"models.TextMessage","href":"models/TextMessage-class.html","kind":3,"overriddenDepth":0,"packageRank":0,"desc":"Text message","enclosedBy":{"name":"models","kind":9,"href":"models/models-library.html"}},{"name":"TextMessage","qualifiedName":"models.TextMessage.TextMessage","href":"models/TextMessage/TextMessage.html","kind":2,"overriddenDepth":0,"packageRank":0,"desc":"Create the class","enclosedBy":{"name":"TextMessage","kind":3,"href":"models/TextMessage-class.html"}},{"name":"text","qualifiedName":"models.TextMessage.text","href":"models/TextMessage/text.html","kind":16,"overriddenDepth":0,"packageRank":0,"desc":"Message text","enclosedBy":{"name":"TextMessage","kind":3,"href":"models/TextMessage-class.html"}},{"name":"VideoMessage","qualifiedName":"models.VideoMessage","href":"models/VideoMessage-class.html","kind":3,"overriddenDepth":0,"packageRank":0,"desc":"Video message","enclosedBy":{"name":"models","kind":9,"href":"models/models-library.html"}},{"name":"VideoMessage","qualifiedName":"models.VideoMessage.VideoMessage","href":"models/VideoMessage/VideoMessage.html","kind":2,"overriddenDepth":0,"packageRank":0,"desc":"Create","enclosedBy":{"name":"VideoMessage","kind":3,"href":"models/VideoMessage-class.html"}},{"name":"text","qualifiedName":"models.VideoMessage.text","href":"models/VideoMessage/text.html","kind":16,"overriddenDepth":0,"packageRank":0,"desc":"Optional text","enclosedBy":{"name":"VideoMessage","kind":3,"href":"models/VideoMessage-class.html"}},{"name":"uri","qualifiedName":"models.VideoMessage.uri","href":"models/VideoMessage/uri.html","kind":16,"overriddenDepth":0,"packageRank":0,"desc":"uri/url or local file path","enclosedBy":{"name":"VideoMessage","kind":3,"href":"models/VideoMessage-class.html"}},{"name":"notifier","qualifiedName":"notifier","href":"notifier/notifier-library.html","kind":9,"overriddenDepth":0,"packageRank":0,"desc":""},{"name":"UserTypingStateStream","qualifiedName":"notifier.UserTypingStateStream","href":"notifier/UserTypingStateStream-class.html","kind":3,"overriddenDepth":0,"packageRank":0,"desc":"Notification class for features like watching and streaming\nuser typing activity and other related features.","enclosedBy":{"name":"notifier","kind":9,"href":"notifier/notifier-library.html"}},{"name":"instance","qualifiedName":"notifier.UserTypingStateStream.instance","href":"notifier/UserTypingStateStream/instance.html","kind":16,"overriddenDepth":0,"packageRank":0,"desc":"Single instance","enclosedBy":{"name":"UserTypingStateStream","kind":3,"href":"notifier/UserTypingStateStream-class.html"}},{"name":"isTypingStream","qualifiedName":"notifier.UserTypingStateStream.isTypingStream","href":"notifier/UserTypingStateStream/isTypingStream.html","kind":16,"overriddenDepth":0,"packageRank":0,"desc":"Typing state stream","enclosedBy":{"name":"UserTypingStateStream","kind":3,"href":"notifier/UserTypingStateStream-class.html"}},{"name":"setIsTyping","qualifiedName":"notifier.UserTypingStateStream.setIsTyping","href":"notifier/UserTypingStateStream/setIsTyping.html","kind":10,"overriddenDepth":0,"packageRank":0,"desc":"set typing state","enclosedBy":{"name":"UserTypingStateStream","kind":3,"href":"notifier/UserTypingStateStream-class.html"}},{"name":"replied_message_widget","qualifiedName":"replied_message_widget","href":"widgets_replied_message_widget/widgets_replied_message_widget-library.html","kind":9,"overriddenDepth":0,"packageRank":0,"desc":""},{"name":"RepliedMessageWidget","qualifiedName":"replied_message_widget.RepliedMessageWidget","href":"widgets_replied_message_widget/RepliedMessageWidget-class.html","kind":3,"overriddenDepth":0,"packageRank":0,"desc":"To be used internally by the package developers and contributors","enclosedBy":{"name":"replied_message_widget","kind":9,"href":"widgets_replied_message_widget/widgets_replied_message_widget-library.html"}},{"name":"RepliedMessageWidget","qualifiedName":"replied_message_widget.RepliedMessageWidget.RepliedMessageWidget","href":"widgets_replied_message_widget/RepliedMessageWidget/RepliedMessageWidget.html","kind":2,"overriddenDepth":0,"packageRank":0,"desc":"Constructor to build everything here.","enclosedBy":{"name":"RepliedMessageWidget","kind":3,"href":"widgets_replied_message_widget/RepliedMessageWidget-class.html"}},{"name":"build","qualifiedName":"replied_message_widget.RepliedMessageWidget.build","href":"widgets_replied_message_widget/RepliedMessageWidget/build.html","kind":10,"overriddenDepth":1,"packageRank":0,"desc":"Describes the part of the user interface represented by this widget.","enclosedBy":{"name":"RepliedMessageWidget","kind":3,"href":"widgets_replied_message_widget/RepliedMessageWidget-class.html"}},{"name":"customWidgetBuilder","qualifiedName":"replied_message_widget.RepliedMessageWidget.customWidgetBuilder","href":"widgets_replied_message_widget/RepliedMessageWidget/customWidgetBuilder.html","kind":16,"overriddenDepth":0,"packageRank":0,"desc":"Optional widget to be passed","enclosedBy":{"name":"RepliedMessageWidget","kind":3,"href":"widgets_replied_message_widget/RepliedMessageWidget-class.html"}},{"name":"isAuthor","qualifiedName":"replied_message_widget.RepliedMessageWidget.isAuthor","href":"widgets_replied_message_widget/RepliedMessageWidget/isAuthor.html","kind":16,"overriddenDepth":0,"packageRank":0,"desc":"Internal use only","enclosedBy":{"name":"RepliedMessageWidget","kind":3,"href":"widgets_replied_message_widget/RepliedMessageWidget-class.html"}},{"name":"pdfWidgetBuilder","qualifiedName":"replied_message_widget.RepliedMessageWidget.pdfWidgetBuilder","href":"widgets_replied_message_widget/RepliedMessageWidget/pdfWidgetBuilder.html","kind":16,"overriddenDepth":0,"packageRank":0,"desc":"Optional widget to be passed","enclosedBy":{"name":"RepliedMessageWidget","kind":3,"href":"widgets_replied_message_widget/RepliedMessageWidget-class.html"}},{"name":"replyMessage","qualifiedName":"replied_message_widget.RepliedMessageWidget.replyMessage","href":"widgets_replied_message_widget/RepliedMessageWidget/replyMessage.html","kind":16,"overriddenDepth":0,"packageRank":0,"desc":"The message to be replied to.","enclosedBy":{"name":"RepliedMessageWidget","kind":3,"href":"widgets_replied_message_widget/RepliedMessageWidget-class.html"}},{"name":"videoWidgetBuilder","qualifiedName":"replied_message_widget.RepliedMessageWidget.videoWidgetBuilder","href":"widgets_replied_message_widget/RepliedMessageWidget/videoWidgetBuilder.html","kind":16,"overriddenDepth":0,"packageRank":0,"desc":"Optional widget to be passed","enclosedBy":{"name":"RepliedMessageWidget","kind":3,"href":"widgets_replied_message_widget/RepliedMessageWidget-class.html"}},{"name":"sent_at","qualifiedName":"sent_at","href":"widgets_sent_at/widgets_sent_at-library.html","kind":9,"overriddenDepth":0,"packageRank":0,"desc":""},{"name":"SentAt","qualifiedName":"sent_at.SentAt","href":"widgets_sent_at/SentAt-class.html","kind":3,"overriddenDepth":0,"packageRank":0,"desc":"Internal use only","enclosedBy":{"name":"sent_at","kind":9,"href":"widgets_sent_at/widgets_sent_at-library.html"}},{"name":"SentAt","qualifiedName":"sent_at.SentAt.SentAt","href":"widgets_sent_at/SentAt/SentAt.html","kind":2,"overriddenDepth":0,"packageRank":0,"desc":"Internal use only","enclosedBy":{"name":"SentAt","kind":3,"href":"widgets_sent_at/SentAt-class.html"}},{"name":"build","qualifiedName":"sent_at.SentAt.build","href":"widgets_sent_at/SentAt/build.html","kind":10,"overriddenDepth":1,"packageRank":0,"desc":"Describes the part of the user interface represented by this widget.","enclosedBy":{"name":"SentAt","kind":3,"href":"widgets_sent_at/SentAt-class.html"}},{"name":"timestamp","qualifiedName":"sent_at.SentAt.timestamp","href":"widgets_sent_at/SentAt/timestamp.html","kind":16,"overriddenDepth":0,"packageRank":0,"desc":"Internal use only","enclosedBy":{"name":"SentAt","kind":3,"href":"widgets_sent_at/SentAt-class.html"}},{"name":"type","qualifiedName":"sent_at.SentAt.type","href":"widgets_sent_at/SentAt/type.html","kind":16,"overriddenDepth":0,"packageRank":0,"desc":"Internal use only","enclosedBy":{"name":"SentAt","kind":3,"href":"widgets_sent_at/SentAt-class.html"}},{"name":"type_defs","qualifiedName":"type_defs","href":"utils_type_defs/utils_type_defs-library.html","kind":9,"overriddenDepth":0,"packageRank":0,"desc":""},{"name":"CustomWidgetBuilder","qualifiedName":"type_defs.CustomWidgetBuilder","href":"utils_type_defs/CustomWidgetBuilder.html","kind":21,"overriddenDepth":0,"packageRank":0,"desc":"Custom Widget Builder Callback","enclosedBy":{"name":"type_defs","kind":9,"href":"utils_type_defs/utils_type_defs-library.html"}},{"name":"DefaultAction","qualifiedName":"type_defs.DefaultAction","href":"utils_type_defs/DefaultAction.html","kind":21,"overriddenDepth":0,"packageRank":0,"desc":"Default action for a particular message gesture defined","enclosedBy":{"name":"type_defs","kind":9,"href":"utils_type_defs/utils_type_defs-library.html"}},{"name":"OnAttachmentPressed","qualifiedName":"type_defs.OnAttachmentPressed","href":"utils_type_defs/OnAttachmentPressed.html","kind":21,"overriddenDepth":0,"packageRank":0,"desc":"The callback to handle attachment button click.","enclosedBy":{"name":"type_defs","kind":9,"href":"utils_type_defs/utils_type_defs-library.html"}},{"name":"OnMessageGesture","qualifiedName":"type_defs.OnMessageGesture","href":"utils_type_defs/OnMessageGesture.html","kind":21,"overriddenDepth":0,"packageRank":0,"desc":"A particular message gesture like onLongPressed, onSwipedLeft, onMessageDoubleTapped, etc.","enclosedBy":{"name":"type_defs","kind":9,"href":"utils_type_defs/utils_type_defs-library.html"}},{"name":"OnSendPressed","qualifiedName":"type_defs.OnSendPressed","href":"utils_type_defs/OnSendPressed.html","kind":21,"overriddenDepth":0,"packageRank":0,"desc":"The callback to handle the event when a user sends a text message.","enclosedBy":{"name":"type_defs","kind":9,"href":"utils_type_defs/utils_type_defs-library.html"}},{"name":"VideoWidgetBuilder","qualifiedName":"type_defs.VideoWidgetBuilder","href":"utils_type_defs/VideoWidgetBuilder.html","kind":21,"overriddenDepth":0,"packageRank":0,"desc":"Video Widget Builder Callback","enclosedBy":{"name":"type_defs","kind":9,"href":"utils_type_defs/utils_type_defs-library.html"}},{"name":"types","qualifiedName":"types","href":"utils_types/utils_types-library.html","kind":9,"overriddenDepth":0,"packageRank":0,"desc":""},{"name":"CallbackName","qualifiedName":"types.CallbackName","href":"utils_types/CallbackName.html","kind":5,"overriddenDepth":0,"packageRank":0,"desc":"List of all callbacks","enclosedBy":{"name":"types","kind":9,"href":"utils_types/utils_types-library.html"}},{"name":"values","qualifiedName":"types.CallbackName.values","href":"utils_types/CallbackName/values-constant.html","kind":1,"overriddenDepth":0,"packageRank":0,"desc":"A constant List of the values in this enum, in order of their declaration.","enclosedBy":{"name":"CallbackName","kind":5,"href":"utils_types/CallbackName.html"}},{"name":"DeliveryStatus","qualifiedName":"types.DeliveryStatus","href":"utils_types/DeliveryStatus.html","kind":5,"overriddenDepth":0,"packageRank":0,"desc":"Delivery Status","enclosedBy":{"name":"types","kind":9,"href":"utils_types/utils_types-library.html"}},{"name":"values","qualifiedName":"types.DeliveryStatus.values","href":"utils_types/DeliveryStatus/values-constant.html","kind":1,"overriddenDepth":0,"packageRank":0,"desc":"A constant List of the values in this enum, in order of their declaration.","enclosedBy":{"name":"DeliveryStatus","kind":5,"href":"utils_types/DeliveryStatus.html"}},{"name":"MessageType","qualifiedName":"types.MessageType","href":"utils_types/MessageType.html","kind":5,"overriddenDepth":0,"packageRank":0,"desc":"Message Type","enclosedBy":{"name":"types","kind":9,"href":"utils_types/utils_types-library.html"}},{"name":"values","qualifiedName":"types.MessageType.values","href":"utils_types/MessageType/values-constant.html","kind":1,"overriddenDepth":0,"packageRank":0,"desc":"A constant List of the values in this enum, in order of their declaration.","enclosedBy":{"name":"MessageType","kind":5,"href":"utils_types/MessageType.html"}},{"name":"utils","qualifiedName":"utils","href":"utils_utils/utils_utils-library.html","kind":9,"overriddenDepth":0,"packageRank":0,"desc":""},{"name":"ColorPair","qualifiedName":"utils.ColorPair","href":"utils_utils/ColorPair-class.html","kind":3,"overriddenDepth":0,"packageRank":0,"desc":"Used internally.","enclosedBy":{"name":"utils","kind":9,"href":"utils_utils/utils_utils-library.html"}},{"name":"ColorPair","qualifiedName":"utils.ColorPair.ColorPair","href":"utils_utils/ColorPair/ColorPair.html","kind":2,"overriddenDepth":0,"packageRank":0,"desc":"Constructor","enclosedBy":{"name":"ColorPair","kind":3,"href":"utils_utils/ColorPair-class.html"}},{"name":"main","qualifiedName":"utils.ColorPair.main","href":"utils_utils/ColorPair/main.html","kind":16,"overriddenDepth":0,"packageRank":0,"desc":"main color","enclosedBy":{"name":"ColorPair","kind":3,"href":"utils_utils/ColorPair-class.html"}},{"name":"surface","qualifiedName":"utils.ColorPair.surface","href":"utils_utils/ColorPair/surface.html","kind":16,"overriddenDepth":0,"packageRank":0,"desc":"pair color","enclosedBy":{"name":"ColorPair","kind":3,"href":"utils_utils/ColorPair-class.html"}},{"name":"ConsecutiveOccurrence","qualifiedName":"utils.ConsecutiveOccurrence","href":"utils_utils/ConsecutiveOccurrence-class.html","kind":3,"overriddenDepth":0,"packageRank":0,"desc":"Internal use only","enclosedBy":{"name":"utils","kind":9,"href":"utils_utils/utils_utils-library.html"}},{"name":"ConsecutiveOccurrence","qualifiedName":"utils.ConsecutiveOccurrence.ConsecutiveOccurrence","href":"utils_utils/ConsecutiveOccurrence/ConsecutiveOccurrence.html","kind":2,"overriddenDepth":0,"packageRank":0,"desc":"","enclosedBy":{"name":"ConsecutiveOccurrence","kind":3,"href":"utils_utils/ConsecutiveOccurrence-class.html"}},{"name":"endIndex","qualifiedName":"utils.ConsecutiveOccurrence.endIndex","href":"utils_utils/ConsecutiveOccurrence/endIndex.html","kind":16,"overriddenDepth":0,"packageRank":0,"desc":"Internal use only","enclosedBy":{"name":"ConsecutiveOccurrence","kind":3,"href":"utils_utils/ConsecutiveOccurrence-class.html"}},{"name":"startIndex","qualifiedName":"utils.ConsecutiveOccurrence.startIndex","href":"utils_utils/ConsecutiveOccurrence/startIndex.html","kind":16,"overriddenDepth":0,"packageRank":0,"desc":"Internal use only","enclosedBy":{"name":"ConsecutiveOccurrence","kind":3,"href":"utils_utils/ConsecutiveOccurrence-class.html"}},{"name":"toString","qualifiedName":"utils.ConsecutiveOccurrence.toString","href":"utils_utils/ConsecutiveOccurrence/toString.html","kind":10,"overriddenDepth":1,"packageRank":0,"desc":"A string representation of this object.","enclosedBy":{"name":"ConsecutiveOccurrence","kind":3,"href":"utils_utils/ConsecutiveOccurrence-class.html"}},{"name":"total","qualifiedName":"utils.ConsecutiveOccurrence.total","href":"utils_utils/ConsecutiveOccurrence/total.html","kind":16,"overriddenDepth":0,"packageRank":0,"desc":"Number of items found","enclosedBy":{"name":"ConsecutiveOccurrence","kind":3,"href":"utils_utils/ConsecutiveOccurrence-class.html"}},{"name":"updateEndIndex","qualifiedName":"utils.ConsecutiveOccurrence.updateEndIndex","href":"utils_utils/ConsecutiveOccurrence/updateEndIndex.html","kind":10,"overriddenDepth":0,"packageRank":0,"desc":"Internal use only","enclosedBy":{"name":"ConsecutiveOccurrence","kind":3,"href":"utils_utils/ConsecutiveOccurrence-class.html"}},{"name":"TestDocMessage","qualifiedName":"utils.TestDocMessage","href":"utils_utils/TestDocMessage-class.html","kind":3,"overriddenDepth":0,"packageRank":0,"desc":"","enclosedBy":{"name":"utils","kind":9,"href":"utils_utils/utils_utils-library.html"}},{"name":"TestDocMessage","qualifiedName":"utils.TestDocMessage.TestDocMessage","href":"utils_utils/TestDocMessage/TestDocMessage.html","kind":2,"overriddenDepth":0,"packageRank":0,"desc":"","enclosedBy":{"name":"TestDocMessage","kind":3,"href":"utils_utils/TestDocMessage-class.html"}},{"name":"TestImageMessage","qualifiedName":"utils.TestImageMessage","href":"utils_utils/TestImageMessage-class.html","kind":3,"overriddenDepth":0,"packageRank":0,"desc":"","enclosedBy":{"name":"utils","kind":9,"href":"utils_utils/utils_utils-library.html"}},{"name":"TestImageMessage","qualifiedName":"utils.TestImageMessage.TestImageMessage","href":"utils_utils/TestImageMessage/TestImageMessage.html","kind":2,"overriddenDepth":0,"packageRank":0,"desc":"","enclosedBy":{"name":"TestImageMessage","kind":3,"href":"utils_utils/TestImageMessage-class.html"}},{"name":"TestMessage","qualifiedName":"utils.TestMessage","href":"utils_utils/TestMessage-class.html","kind":3,"overriddenDepth":0,"packageRank":0,"desc":"","enclosedBy":{"name":"utils","kind":9,"href":"utils_utils/utils_utils-library.html"}},{"name":"TestMessage","qualifiedName":"utils.TestMessage.TestMessage","href":"utils_utils/TestMessage/TestMessage.html","kind":2,"overriddenDepth":0,"packageRank":0,"desc":"","enclosedBy":{"name":"TestMessage","kind":3,"href":"utils_utils/TestMessage-class.html"}},{"name":"TestTextMessage","qualifiedName":"utils.TestTextMessage","href":"utils_utils/TestTextMessage-class.html","kind":3,"overriddenDepth":0,"packageRank":0,"desc":"","enclosedBy":{"name":"utils","kind":9,"href":"utils_utils/utils_utils-library.html"}},{"name":"TestTextMessage","qualifiedName":"utils.TestTextMessage.TestTextMessage","href":"utils_utils/TestTextMessage/TestTextMessage.html","kind":2,"overriddenDepth":0,"packageRank":0,"desc":"","enclosedBy":{"name":"TestTextMessage","kind":3,"href":"utils_utils/TestTextMessage-class.html"}},{"name":"TestVideoMessage","qualifiedName":"utils.TestVideoMessage","href":"utils_utils/TestVideoMessage-class.html","kind":3,"overriddenDepth":0,"packageRank":0,"desc":"","enclosedBy":{"name":"utils","kind":9,"href":"utils_utils/utils_utils-library.html"}},{"name":"TestVideoMessage","qualifiedName":"utils.TestVideoMessage.TestVideoMessage","href":"utils_utils/TestVideoMessage/TestVideoMessage.html","kind":2,"overriddenDepth":0,"packageRank":0,"desc":"","enclosedBy":{"name":"TestVideoMessage","kind":3,"href":"utils_utils/TestVideoMessage-class.html"}},{"name":"computeNumbersList","qualifiedName":"utils.computeNumbersList","href":"utils_utils/computeNumbersList.html","kind":8,"overriddenDepth":0,"packageRank":0,"desc":"convert a number digits to list of individual digits","enclosedBy":{"name":"utils","kind":9,"href":"utils_utils/utils_utils-library.html"}},{"name":"computeTimePartitionText","qualifiedName":"utils.computeTimePartitionText","href":"utils_utils/computeTimePartitionText.html","kind":8,"overriddenDepth":0,"packageRank":0,"desc":"Compute Time partition of messages based on created at time stamp","enclosedBy":{"name":"utils","kind":9,"href":"utils_utils/utils_utils-library.html"}},{"name":"createColorFromHashCode","qualifiedName":"utils.createColorFromHashCode","href":"utils_utils/createColorFromHashCode.html","kind":8,"overriddenDepth":0,"packageRank":0,"desc":"Color equivalence of integer","enclosedBy":{"name":"utils","kind":9,"href":"utils_utils/utils_utils-library.html"}},{"name":"getConsecutives","qualifiedName":"utils.getConsecutives","href":"utils_utils/getConsecutives.html","kind":8,"overriddenDepth":0,"packageRank":0,"desc":"Collecting consecutive images if upto minimum number of images to group","enclosedBy":{"name":"utils","kind":9,"href":"utils_utils/utils_utils-library.html"}},{"name":"getDurationTillNow","qualifiedName":"utils.getDurationTillNow","href":"utils_utils/getDurationTillNow.html","kind":8,"overriddenDepth":0,"packageRank":0,"desc":"Duration uptil now time format","enclosedBy":{"name":"utils","kind":9,"href":"utils_utils/utils_utils-library.html"}},{"name":"getFileUrlFromMessage","qualifiedName":"utils.getFileUrlFromMessage","href":"utils_utils/getFileUrlFromMessage.html","kind":8,"overriddenDepth":0,"packageRank":0,"desc":"Use this function if you need to dynamically get the url of file-based message.","enclosedBy":{"name":"utils","kind":9,"href":"utils_utils/utils_utils-library.html"}},{"name":"getGroupedImageMessages","qualifiedName":"utils.getGroupedImageMessages","href":"utils_utils/getGroupedImageMessages.html","kind":8,"overriddenDepth":0,"packageRank":0,"desc":"Internal use only","enclosedBy":{"name":"utils","kind":9,"href":"utils_utils/utils_utils-library.html"}},{"name":"getMonthName","qualifiedName":"utils.getMonthName","href":"utils_utils/getMonthName.html","kind":8,"overriddenDepth":0,"packageRank":0,"desc":"Get month by int","enclosedBy":{"name":"utils","kind":9,"href":"utils_utils/utils_utils-library.html"}},{"name":"getSentAt","qualifiedName":"utils.getSentAt","href":"utils_utils/getSentAt.html","kind":8,"overriddenDepth":0,"packageRank":0,"desc":"Last seen at time format","enclosedBy":{"name":"utils","kind":9,"href":"utils_utils/utils_utils-library.html"}},{"name":"getWeekDayName","qualifiedName":"utils.getWeekDayName","href":"utils_utils/getWeekDayName.html","kind":8,"overriddenDepth":0,"packageRank":0,"desc":"Get day by int","enclosedBy":{"name":"utils","kind":9,"href":"utils_utils/utils_utils-library.html"}},{"name":"groupNumbersIntoRGB","qualifiedName":"utils.groupNumbersIntoRGB","href":"utils_utils/groupNumbersIntoRGB.html","kind":8,"overriddenDepth":0,"packageRank":0,"desc":"Convert a list of numbers to RGB group of 3 set of numbers in a list","enclosedBy":{"name":"utils","kind":9,"href":"utils_utils/utils_utils-library.html"}},{"name":"indexIsInConsecutives","qualifiedName":"utils.indexIsInConsecutives","href":"utils_utils/indexIsInConsecutives.html","kind":8,"overriddenDepth":0,"packageRank":0,"desc":"For internal use only","enclosedBy":{"name":"utils","kind":9,"href":"utils_utils/utils_utils-library.html"}},{"name":"indexIsInConsecutivesAndIsFirstTake","qualifiedName":"utils.indexIsInConsecutivesAndIsFirstTake","href":"utils_utils/indexIsInConsecutivesAndIsFirstTake.html","kind":8,"overriddenDepth":0,"packageRank":0,"desc":"Internal use only","enclosedBy":{"name":"utils","kind":9,"href":"utils_utils/utils_utils-library.html"}},{"name":"isSameDay","qualifiedName":"utils.isSameDay","href":"utils_utils/isSameDay.html","kind":8,"overriddenDepth":0,"packageRank":0,"desc":"Check if it's same day","enclosedBy":{"name":"utils","kind":9,"href":"utils_utils/utils_utils-library.html"}},{"name":"logError","qualifiedName":"utils.logError","href":"utils_utils/logError.html","kind":8,"overriddenDepth":0,"packageRank":0,"desc":"Error message printer","enclosedBy":{"name":"utils","kind":9,"href":"utils_utils/utils_utils-library.html"}},{"name":"months","qualifiedName":"utils.months","href":"utils_utils/months.html","kind":20,"overriddenDepth":0,"packageRank":0,"desc":"Months","enclosedBy":{"name":"utils","kind":9,"href":"utils_utils/utils_utils-library.html"}},{"name":"updateMessageUri","qualifiedName":"utils.updateMessageUri","href":"utils_utils/updateMessageUri.html","kind":8,"overriddenDepth":0,"packageRank":0,"desc":"Use this util to update the uri of a file based message when needed","enclosedBy":{"name":"utils","kind":9,"href":"utils_utils/utils_utils-library.html"}},{"name":"weekDays","qualifiedName":"utils.weekDays","href":"utils_utils/weekDays.html","kind":20,"overriddenDepth":0,"packageRank":0,"desc":"Weekdays","enclosedBy":{"name":"utils","kind":9,"href":"utils_utils/utils_utils-library.html"}},{"name":"video_message","qualifiedName":"video_message","href":"widgets_video_video_message/widgets_video_video_message-library.html","kind":9,"overriddenDepth":0,"packageRank":0,"desc":""},{"name":"VideoMessageWidget","qualifiedName":"video_message.VideoMessageWidget","href":"widgets_video_video_message/VideoMessageWidget-class.html","kind":3,"overriddenDepth":0,"packageRank":0,"desc":"Video Message Widget. You are to implement this and pass in the builder for ChatFlow to use","enclosedBy":{"name":"video_message","kind":9,"href":"widgets_video_video_message/widgets_video_video_message-library.html"}},{"name":"VideoMessageWidget","qualifiedName":"video_message.VideoMessageWidget.VideoMessageWidget","href":"widgets_video_video_message/VideoMessageWidget/VideoMessageWidget.html","kind":2,"overriddenDepth":0,"packageRank":0,"desc":"Video Message Widget","enclosedBy":{"name":"VideoMessageWidget","kind":3,"href":"widgets_video_video_message/VideoMessageWidget-class.html"}},{"name":"build","qualifiedName":"video_message.VideoMessageWidget.build","href":"widgets_video_video_message/VideoMessageWidget/build.html","kind":10,"overriddenDepth":1,"packageRank":0,"desc":"Describes the part of the user interface represented by this widget.","enclosedBy":{"name":"VideoMessageWidget","kind":3,"href":"widgets_video_video_message/VideoMessageWidget-class.html"}},{"name":"hasText","qualifiedName":"video_message.VideoMessageWidget.hasText","href":"widgets_video_video_message/VideoMessageWidget/hasText.html","kind":10,"overriddenDepth":0,"packageRank":0,"desc":"Check and return if it is a text and not empty","enclosedBy":{"name":"VideoMessageWidget","kind":3,"href":"widgets_video_video_message/VideoMessageWidget-class.html"}},{"name":"isAuthor","qualifiedName":"video_message.VideoMessageWidget.isAuthor","href":"widgets_video_video_message/VideoMessageWidget/isAuthor.html","kind":16,"overriddenDepth":0,"packageRank":0,"desc":"If set to true, the widget is displayed to the right.","enclosedBy":{"name":"VideoMessageWidget","kind":3,"href":"widgets_video_video_message/VideoMessageWidget-class.html"}},{"name":"shouldFitToAvailableSize","qualifiedName":"video_message.VideoMessageWidget.shouldFitToAvailableSize","href":"widgets_video_video_message/VideoMessageWidget/shouldFitToAvailableSize.html","kind":16,"overriddenDepth":0,"packageRank":0,"desc":"Optional Internally used to scale image to fit available box","enclosedBy":{"name":"VideoMessageWidget","kind":3,"href":"widgets_video_video_message/VideoMessageWidget-class.html"}},{"name":"shouldHideText","qualifiedName":"video_message.VideoMessageWidget.shouldHideText","href":"widgets_video_video_message/VideoMessageWidget/shouldHideText.html","kind":16,"overriddenDepth":0,"packageRank":0,"desc":"Optional If false or not provide the text will be displayed under the image.\nOtherwise, the text will not be displayed.","enclosedBy":{"name":"VideoMessageWidget","kind":3,"href":"widgets_video_video_message/VideoMessageWidget-class.html"}},{"name":"text","qualifiedName":"video_message.VideoMessageWidget.text","href":"widgets_video_video_message/VideoMessageWidget/text.html","kind":16,"overriddenDepth":0,"packageRank":0,"desc":"Optional text to be displayed with the video","enclosedBy":{"name":"VideoMessageWidget","kind":3,"href":"widgets_video_video_message/VideoMessageWidget-class.html"}},{"name":"uri","qualifiedName":"video_message.VideoMessageWidget.uri","href":"widgets_video_video_message/VideoMessageWidget/uri.html","kind":16,"overriddenDepth":0,"packageRank":0,"desc":"uri/url or local file path","enclosedBy":{"name":"VideoMessageWidget","kind":3,"href":"widgets_video_video_message/VideoMessageWidget-class.html"}},{"name":"videoWidgetBuilder","qualifiedName":"video_message.VideoMessageWidget.videoWidgetBuilder","href":"widgets_video_video_message/VideoMessageWidget/videoWidgetBuilder.html","kind":16,"overriddenDepth":0,"packageRank":0,"desc":"Create the widget and pass in for ChatFlow to use","enclosedBy":{"name":"VideoMessageWidget","kind":3,"href":"widgets_video_video_message/VideoMessageWidget-class.html"}},{"name":"video_widget","qualifiedName":"video_widget","href":"widgets_video_video_widget/widgets_video_video_widget-library.html","kind":9,"overriddenDepth":0,"packageRank":0,"desc":""},{"name":"VideoWidget","qualifiedName":"video_widget.VideoWidget","href":"widgets_video_video_widget/VideoWidget-class.html","kind":3,"overriddenDepth":0,"packageRank":0,"desc":"Video Widget. You are to implement this and pass in the builder for ChatFlow to use","enclosedBy":{"name":"video_widget","kind":9,"href":"widgets_video_video_widget/widgets_video_video_widget-library.html"}},{"name":"VideoWidget","qualifiedName":"video_widget.VideoWidget.VideoWidget","href":"widgets_video_video_widget/VideoWidget/VideoWidget.html","kind":2,"overriddenDepth":0,"packageRank":0,"desc":"Pass in the builder for ChatFlow to use to display the widget","enclosedBy":{"name":"VideoWidget","kind":3,"href":"widgets_video_video_widget/VideoWidget-class.html"}},{"name":"build","qualifiedName":"video_widget.VideoWidget.build","href":"widgets_video_video_widget/VideoWidget/build.html","kind":10,"overriddenDepth":1,"packageRank":0,"desc":"Describes the part of the user interface represented by this widget.","enclosedBy":{"name":"VideoWidget","kind":3,"href":"widgets_video_video_widget/VideoWidget-class.html"}},{"name":"uri","qualifiedName":"video_widget.VideoWidget.uri","href":"widgets_video_video_widget/VideoWidget/uri.html","kind":16,"overriddenDepth":0,"packageRank":0,"desc":"uri/url or local file path","enclosedBy":{"name":"VideoWidget","kind":3,"href":"widgets_video_video_widget/VideoWidget-class.html"}},{"name":"videoWidgetBuilder","qualifiedName":"video_widget.VideoWidget.videoWidgetBuilder","href":"widgets_video_video_widget/VideoWidget/videoWidgetBuilder.html","kind":16,"overriddenDepth":0,"packageRank":0,"desc":"Optional text to be displayed with the video","enclosedBy":{"name":"VideoWidget","kind":3,"href":"widgets_video_video_widget/VideoWidget-class.html"}}]
